trimestre,annee,num_trimestre,sexe,age,taux_chomage
1975-Q1,1975,1,Ensemble,25 à 49 ans,2.3
1975-Q1,1975,1,Ensemble,50 ans ou plus,1.9
1975-Q1,1975,1,Ensemble,Ensemble,3.2
1975-Q1,1975,1,Ensemble,Moins de 25 ans,7.0
1975-Q1,1975,1,Femmes,25 à 49 ans,3.3
1975-Q1,1975,1,Femmes,50 ans ou plus,2.1
1975-Q1,1975,1,Femmes,Ensemble,4.6
1975-Q1,1975,1,Femmes,Moins de 25 ans,9.8
1975-Q1,1975,1,Hommes,25 à 49 ans,1.7
1975-Q1,1975,1,Hommes,50 ans ou plus,1.8
1975-Q1,1975,1,Hommes,Ensemble,2.3
1975-Q1,1975,1,Hommes,Moins de 25 ans,4.8
1975-Q2,1975,2,Ensemble,25 à 49 ans,2.5
1975-Q2,1975,2,Ensemble,50 ans ou plus,2.1
1975-Q2,1975,2,Ensemble,Ensemble,3.5
1975-Q2,1975,2,Ensemble,Moins de 25 ans,7.6
1975-Q2,1975,2,Femmes,25 à 49 ans,3.5
1975-Q2,1975,2,Femmes,50 ans ou plus,2.2
1975-Q2,1975,2,Femmes,Ensemble,4.9
1975-Q2,1975,2,Femmes,Moins de 25 ans,10.4
1975-Q2,1975,2,Hommes,25 à 49 ans,1.9
1975-Q2,1975,2,Hommes,50 ans ou plus,2.0
1975-Q2,1975,2,Hommes,Ensemble,2.6
1975-Q2,1975,2,Hommes,Moins de 25 ans,5.4
1975-Q3,1975,3,Ensemble,25 à 49 ans,2.7
1975-Q3,1975,3,Ensemble,50 ans ou plus,2.2
1975-Q3,1975,3,Ensemble,Ensemble,3.8
1975-Q3,1975,3,Ensemble,Moins de 25 ans,8.2
1975-Q3,1975,3,Femmes,25 à 49 ans,3.7
1975-Q3,1975,3,Femmes,50 ans ou plus,2.4
1975-Q3,1975,3,Femmes,Ensemble,5.2
1975-Q3,1975,3,Femmes,Moins de 25 ans,11.1
1975-Q3,1975,3,Hommes,25 à 49 ans,2.1
1975-Q3,1975,3,Hommes,50 ans ou plus,2.1
1975-Q3,1975,3,Hommes,Ensemble,2.8
1975-Q3,1975,3,Hommes,Moins de 25 ans,5.8
1975-Q4,1975,4,Ensemble,25 à 49 ans,2.8
1975-Q4,1975,4,Ensemble,50 ans ou plus,2.3
1975-Q4,1975,4,Ensemble,Ensemble,3.9
1975-Q4,1975,4,Ensemble,Moins de 25 ans,8.6
1975-Q4,1975,4,Femmes,25 à 49 ans,3.9
1975-Q4,1975,4,Femmes,50 ans ou plus,2.5
1975-Q4,1975,4,Femmes,Ensemble,5.5
1975-Q4,1975,4,Femmes,Moins de 25 ans,11.8
1975-Q4,1975,4,Hommes,25 à 49 ans,2.1
1975-Q4,1975,4,Hommes,50 ans ou plus,2.2
1975-Q4,1975,4,Hommes,Ensemble,2.9
1975-Q4,1975,4,Hommes,Moins de 25 ans,6.0
1976-Q1,1976,1,Ensemble,25 à 49 ans,2.8
1976-Q1,1976,1,Ensemble,50 ans ou plus,2.4
1976-Q1,1976,1,Ensemble,Ensemble,4.0
1976-Q1,1976,1,Ensemble,Moins de 25 ans,9.1
1976-Q1,1976,1,Femmes,25 à 49 ans,4.0
1976-Q1,1976,1,Femmes,50 ans ou plus,2.6
1976-Q1,1976,1,Femmes,Ensemble,5.8
1976-Q1,1976,1,Femmes,Moins de 25 ans,12.8
1976-Q1,1976,1,Hommes,25 à 49 ans,2.1
1976-Q1,1976,1,Hommes,50 ans ou plus,2.2
1976-Q1,1976,1,Hommes,Ensemble,2.9
1976-Q1,1976,1,Hommes,Moins de 25 ans,6.0
1976-Q2,1976,2,Ensemble,25 à 49 ans,2.8
1976-Q2,1976,2,Ensemble,50 ans ou plus,2.4
1976-Q2,1976,2,Ensemble,Ensemble,4.0
1976-Q2,1976,2,Ensemble,Moins de 25 ans,9.1
1976-Q2,1976,2,Femmes,25 à 49 ans,4.0
1976-Q2,1976,2,Femmes,50 ans ou plus,2.7
1976-Q2,1976,2,Femmes,Ensemble,5.9
1976-Q2,1976,2,Femmes,Moins de 25 ans,13.1
1976-Q2,1976,2,Hommes,25 à 49 ans,2.0
1976-Q2,1976,2,Hommes,50 ans ou plus,2.2
1976-Q2,1976,2,Hommes,Ensemble,2.8
1976-Q2,1976,2,Hommes,Moins de 25 ans,5.8
1976-Q3,1976,3,Ensemble,25 à 49 ans,2.7
1976-Q3,1976,3,Ensemble,50 ans ou plus,2.4
1976-Q3,1976,3,Ensemble,Ensemble,3.9
1976-Q3,1976,3,Ensemble,Moins de 25 ans,8.9
1976-Q3,1976,3,Femmes,25 à 49 ans,4.0
1976-Q3,1976,3,Femmes,50 ans ou plus,2.8
1976-Q3,1976,3,Femmes,Ensemble,5.8
1976-Q3,1976,3,Femmes,Moins de 25 ans,12.7
1976-Q3,1976,3,Hommes,25 à 49 ans,1.9
1976-Q3,1976,3,Hommes,50 ans ou plus,2.2
1976-Q3,1976,3,Hommes,Ensemble,2.7
1976-Q3,1976,3,Hommes,Moins de 25 ans,5.6
1976-Q4,1976,4,Ensemble,25 à 49 ans,2.7
1976-Q4,1976,4,Ensemble,50 ans ou plus,2.5
1976-Q4,1976,4,Ensemble,Ensemble,4.0
1976-Q4,1976,4,Ensemble,Moins de 25 ans,8.9
1976-Q4,1976,4,Femmes,25 à 49 ans,4.0
1976-Q4,1976,4,Femmes,50 ans ou plus,3.0
1976-Q4,1976,4,Femmes,Ensemble,5.8
1976-Q4,1976,4,Femmes,Moins de 25 ans,12.6
1976-Q4,1976,4,Hommes,25 à 49 ans,1.9
1976-Q4,1976,4,Hommes,50 ans ou plus,2.2
1976-Q4,1976,4,Hommes,Ensemble,2.7
1976-Q4,1976,4,Hommes,Moins de 25 ans,5.9
1977-Q1,1977,1,Ensemble,25 à 49 ans,2.8
1977-Q1,1977,1,Ensemble,50 ans ou plus,2.7
1977-Q1,1977,1,Ensemble,Ensemble,4.2
1977-Q1,1977,1,Ensemble,Moins de 25 ans,9.7
1977-Q1,1977,1,Femmes,25 à 49 ans,4.1
1977-Q1,1977,1,Femmes,50 ans ou plus,3.2
1977-Q1,1977,1,Femmes,Ensemble,6.1
1977-Q1,1977,1,Femmes,Moins de 25 ans,13.5
1977-Q1,1977,1,Hommes,25 à 49 ans,2.0
1977-Q1,1977,1,Hommes,50 ans ou plus,2.3
1977-Q1,1977,1,Hommes,Ensemble,2.9
1977-Q1,1977,1,Hommes,Moins de 25 ans,6.6
1977-Q2,1977,2,Ensemble,25 à 49 ans,3.0
1977-Q2,1977,2,Ensemble,50 ans ou plus,2.8
1977-Q2,1977,2,Ensemble,Ensemble,4.5
1977-Q2,1977,2,Ensemble,Moins de 25 ans,10.6
1977-Q2,1977,2,Femmes,25 à 49 ans,4.3
1977-Q2,1977,2,Femmes,50 ans ou plus,3.3
1977-Q2,1977,2,Femmes,Ensemble,6.5
1977-Q2,1977,2,Femmes,Moins de 25 ans,14.6
1977-Q2,1977,2,Hommes,25 à 49 ans,2.1
1977-Q2,1977,2,Hommes,50 ans ou plus,2.5
1977-Q2,1977,2,Hommes,Ensemble,3.1
1977-Q2,1977,2,Hommes,Moins de 25 ans,7.2
1977-Q3,1977,3,Ensemble,25 à 49 ans,3.1
1977-Q3,1977,3,Ensemble,50 ans ou plus,2.8
1977-Q3,1977,3,Ensemble,Ensemble,4.7
1977-Q3,1977,3,Ensemble,Moins de 25 ans,11.0
1977-Q3,1977,3,Femmes,25 à 49 ans,4.4
1977-Q3,1977,3,Femmes,50 ans ou plus,3.3
1977-Q3,1977,3,Femmes,Ensemble,6.6
1977-Q3,1977,3,Femmes,Moins de 25 ans,15.0
1977-Q3,1977,3,Hommes,25 à 49 ans,2.3
1977-Q3,1977,3,Hommes,50 ans ou plus,2.5
1977-Q3,1977,3,Hommes,Ensemble,3.3
1977-Q3,1977,3,Hommes,Moins de 25 ans,7.5
1977-Q4,1977,4,Ensemble,25 à 49 ans,3.2
1977-Q4,1977,4,Ensemble,50 ans ou plus,2.8
1977-Q4,1977,4,Ensemble,Ensemble,4.6
1977-Q4,1977,4,Ensemble,Moins de 25 ans,10.6
1977-Q4,1977,4,Femmes,25 à 49 ans,4.4
1977-Q4,1977,4,Femmes,50 ans ou plus,3.1
1977-Q4,1977,4,Femmes,Ensemble,6.5
1977-Q4,1977,4,Femmes,Moins de 25 ans,14.7
1977-Q4,1977,4,Hommes,25 à 49 ans,2.3
1977-Q4,1977,4,Hommes,50 ans ou plus,2.6
1977-Q4,1977,4,Hommes,Ensemble,3.3
1977-Q4,1977,4,Hommes,Moins de 25 ans,7.2
1978-Q1,1978,1,Ensemble,25 à 49 ans,3.1
1978-Q1,1978,1,Ensemble,50 ans ou plus,2.8
1978-Q1,1978,1,Ensemble,Ensemble,4.5
1978-Q1,1978,1,Ensemble,Moins de 25 ans,10.2
1978-Q1,1978,1,Femmes,25 à 49 ans,4.3
1978-Q1,1978,1,Femmes,50 ans ou plus,2.9
1978-Q1,1978,1,Femmes,Ensemble,6.3
1978-Q1,1978,1,Femmes,Moins de 25 ans,14.4
1978-Q1,1978,1,Hommes,25 à 49 ans,2.3
1978-Q1,1978,1,Hommes,50 ans ou plus,2.7
1978-Q1,1978,1,Hommes,Ensemble,3.2
1978-Q1,1978,1,Hommes,Moins de 25 ans,6.8
1978-Q2,1978,2,Ensemble,25 à 49 ans,3.1
1978-Q2,1978,2,Ensemble,50 ans ou plus,2.8
1978-Q2,1978,2,Ensemble,Ensemble,4.5
1978-Q2,1978,2,Ensemble,Moins de 25 ans,10.4
1978-Q2,1978,2,Femmes,25 à 49 ans,4.2
1978-Q2,1978,2,Femmes,50 ans ou plus,2.9
1978-Q2,1978,2,Femmes,Ensemble,6.3
1978-Q2,1978,2,Femmes,Moins de 25 ans,14.5
1978-Q2,1978,2,Hommes,25 à 49 ans,2.4
1978-Q2,1978,2,Hommes,50 ans ou plus,2.7
1978-Q2,1978,2,Hommes,Ensemble,3.3
1978-Q2,1978,2,Hommes,Moins de 25 ans,6.9
1978-Q3,1978,3,Ensemble,25 à 49 ans,3.2
1978-Q3,1978,3,Ensemble,50 ans ou plus,2.9
1978-Q3,1978,3,Ensemble,Ensemble,4.8
1978-Q3,1978,3,Ensemble,Moins de 25 ans,11.2
1978-Q3,1978,3,Femmes,25 à 49 ans,4.4
1978-Q3,1978,3,Femmes,50 ans ou plus,3.1
1978-Q3,1978,3,Femmes,Ensemble,6.6
1978-Q3,1978,3,Femmes,Moins de 25 ans,15.7
1978-Q3,1978,3,Hommes,25 à 49 ans,2.5
1978-Q3,1978,3,Hommes,50 ans ou plus,2.8
1978-Q3,1978,3,Hommes,Ensemble,3.5
1978-Q3,1978,3,Hommes,Moins de 25 ans,7.5
1978-Q4,1978,4,Ensemble,25 à 49 ans,3.4
1978-Q4,1978,4,Ensemble,50 ans ou plus,3.0
1978-Q4,1978,4,Ensemble,Ensemble,5.0
1978-Q4,1978,4,Ensemble,Moins de 25 ans,11.9
1978-Q4,1978,4,Femmes,25 à 49 ans,4.5
1978-Q4,1978,4,Femmes,50 ans ou plus,3.3
1978-Q4,1978,4,Femmes,Ensemble,7.0
1978-Q4,1978,4,Femmes,Moins de 25 ans,16.6
1978-Q4,1978,4,Hommes,25 à 49 ans,2.6
1978-Q4,1978,4,Hommes,50 ans ou plus,2.9
1978-Q4,1978,4,Hommes,Ensemble,3.7
1978-Q4,1978,4,Hommes,Moins de 25 ans,7.9
1979-Q1,1979,1,Ensemble,25 à 49 ans,3.5
1979-Q1,1979,1,Ensemble,50 ans ou plus,3.2
1979-Q1,1979,1,Ensemble,Ensemble,5.1
1979-Q1,1979,1,Ensemble,Moins de 25 ans,12.1
1979-Q1,1979,1,Femmes,25 à 49 ans,4.5
1979-Q1,1979,1,Femmes,50 ans ou plus,3.5
1979-Q1,1979,1,Femmes,Ensemble,7.1
1979-Q1,1979,1,Femmes,Moins de 25 ans,16.9
1979-Q1,1979,1,Hommes,25 à 49 ans,2.8
1979-Q1,1979,1,Hommes,50 ans ou plus,2.9
1979-Q1,1979,1,Hommes,Ensemble,3.8
1979-Q1,1979,1,Hommes,Moins de 25 ans,8.0
1979-Q2,1979,2,Ensemble,25 à 49 ans,3.5
1979-Q2,1979,2,Ensemble,50 ans ou plus,3.3
1979-Q2,1979,2,Ensemble,Ensemble,5.2
1979-Q2,1979,2,Ensemble,Moins de 25 ans,12.3
1979-Q2,1979,2,Femmes,25 à 49 ans,4.6
1979-Q2,1979,2,Femmes,50 ans ou plus,3.7
1979-Q2,1979,2,Femmes,Ensemble,7.2
1979-Q2,1979,2,Femmes,Moins de 25 ans,17.3
1979-Q2,1979,2,Hommes,25 à 49 ans,2.8
1979-Q2,1979,2,Hommes,50 ans ou plus,3.0
1979-Q2,1979,2,Hommes,Ensemble,3.8
1979-Q2,1979,2,Hommes,Moins de 25 ans,8.0
1979-Q3,1979,3,Ensemble,25 à 49 ans,3.6
1979-Q3,1979,3,Ensemble,50 ans ou plus,3.4
1979-Q3,1979,3,Ensemble,Ensemble,5.3
1979-Q3,1979,3,Ensemble,Moins de 25 ans,12.5
1979-Q3,1979,3,Femmes,25 à 49 ans,4.7
1979-Q3,1979,3,Femmes,50 ans ou plus,3.9
1979-Q3,1979,3,Femmes,Ensemble,7.4
1979-Q3,1979,3,Femmes,Moins de 25 ans,17.8
1979-Q3,1979,3,Hommes,25 à 49 ans,2.8
1979-Q3,1979,3,Hommes,50 ans ou plus,3.0
1979-Q3,1979,3,Hommes,Ensemble,3.8
1979-Q3,1979,3,Hommes,Moins de 25 ans,8.0
1979-Q4,1979,4,Ensemble,25 à 49 ans,3.6
1979-Q4,1979,4,Ensemble,50 ans ou plus,3.5
1979-Q4,1979,4,Ensemble,Ensemble,5.4
1979-Q4,1979,4,Ensemble,Moins de 25 ans,12.9
1979-Q4,1979,4,Femmes,25 à 49 ans,4.8
1979-Q4,1979,4,Femmes,50 ans ou plus,4.2
1979-Q4,1979,4,Femmes,Ensemble,7.7
1979-Q4,1979,4,Femmes,Moins de 25 ans,18.7
1979-Q4,1979,4,Hommes,25 à 49 ans,2.7
1979-Q4,1979,4,Hommes,50 ans ou plus,3.0
1979-Q4,1979,4,Hommes,Ensemble,3.8
1979-Q4,1979,4,Hommes,Moins de 25 ans,8.0
1980-Q1,1980,1,Ensemble,25 à 49 ans,3.6
1980-Q1,1980,1,Ensemble,50 ans ou plus,3.6
1980-Q1,1980,1,Ensemble,Ensemble,5.5
1980-Q1,1980,1,Ensemble,Moins de 25 ans,13.5
1980-Q1,1980,1,Femmes,25 à 49 ans,4.9
1980-Q1,1980,1,Femmes,50 ans ou plus,4.5
1980-Q1,1980,1,Femmes,Ensemble,8.0
1980-Q1,1980,1,Femmes,Moins de 25 ans,19.7
1980-Q1,1980,1,Hommes,25 à 49 ans,2.6
1980-Q1,1980,1,Hommes,50 ans ou plus,3.0
1980-Q1,1980,1,Hommes,Ensemble,3.7
1980-Q1,1980,1,Hommes,Moins de 25 ans,8.2
1980-Q2,1980,2,Ensemble,25 à 49 ans,3.5
1980-Q2,1980,2,Ensemble,50 ans ou plus,3.6
1980-Q2,1980,2,Ensemble,Ensemble,5.5
1980-Q2,1980,2,Ensemble,Moins de 25 ans,13.6
1980-Q2,1980,2,Femmes,25 à 49 ans,5.0
1980-Q2,1980,2,Femmes,50 ans ou plus,4.6
1980-Q2,1980,2,Femmes,Ensemble,8.1
1980-Q2,1980,2,Femmes,Moins de 25 ans,20.2
1980-Q2,1980,2,Hommes,25 à 49 ans,2.6
1980-Q2,1980,2,Hommes,50 ans ou plus,3.0
1980-Q2,1980,2,Hommes,Ensemble,3.7
1980-Q2,1980,2,Hommes,Moins de 25 ans,8.2
1980-Q3,1980,3,Ensemble,25 à 49 ans,3.6
1980-Q3,1980,3,Ensemble,50 ans ou plus,3.7
1980-Q3,1980,3,Ensemble,Ensemble,5.6
1980-Q3,1980,3,Ensemble,Moins de 25 ans,13.8
1980-Q3,1980,3,Femmes,25 à 49 ans,5.0
1980-Q3,1980,3,Femmes,50 ans ou plus,4.6
1980-Q3,1980,3,Femmes,Ensemble,8.2
1980-Q3,1980,3,Femmes,Moins de 25 ans,20.4
1980-Q3,1980,3,Hommes,25 à 49 ans,2.6
1980-Q3,1980,3,Hommes,50 ans ou plus,3.1
1980-Q3,1980,3,Hommes,Ensemble,3.7
1980-Q3,1980,3,Hommes,Moins de 25 ans,8.3
1980-Q4,1980,4,Ensemble,25 à 49 ans,3.8
1980-Q4,1980,4,Ensemble,50 ans ou plus,3.8
1980-Q4,1980,4,Ensemble,Ensemble,5.8
1980-Q4,1980,4,Ensemble,Moins de 25 ans,14.4
1980-Q4,1980,4,Femmes,25 à 49 ans,5.2
1980-Q4,1980,4,Femmes,50 ans ou plus,4.6
1980-Q4,1980,4,Femmes,Ensemble,8.4
1980-Q4,1980,4,Femmes,Moins de 25 ans,20.9
1980-Q4,1980,4,Hommes,25 à 49 ans,2.9
1980-Q4,1980,4,Hommes,50 ans ou plus,3.2
1980-Q4,1980,4,Hommes,Ensemble,4.0
1980-Q4,1980,4,Hommes,Moins de 25 ans,9.0
1981-Q1,1981,1,Ensemble,25 à 49 ans,4.1
1981-Q1,1981,1,Ensemble,50 ans ou plus,3.9
1981-Q1,1981,1,Ensemble,Ensemble,6.2
1981-Q1,1981,1,Ensemble,Moins de 25 ans,15.3
1981-Q1,1981,1,Femmes,25 à 49 ans,5.5
1981-Q1,1981,1,Femmes,50 ans ou plus,4.7
1981-Q1,1981,1,Femmes,Ensemble,8.8
1981-Q1,1981,1,Femmes,Moins de 25 ans,21.8
1981-Q1,1981,1,Hommes,25 à 49 ans,3.1
1981-Q1,1981,1,Hommes,50 ans ou plus,3.4
1981-Q1,1981,1,Hommes,Ensemble,4.4
1981-Q1,1981,1,Hommes,Moins de 25 ans,9.8
1981-Q2,1981,2,Ensemble,25 à 49 ans,4.4
1981-Q2,1981,2,Ensemble,50 ans ou plus,4.0
1981-Q2,1981,2,Ensemble,Ensemble,6.5
1981-Q2,1981,2,Ensemble,Moins de 25 ans,16.1
1981-Q2,1981,2,Femmes,25 à 49 ans,5.8
1981-Q2,1981,2,Femmes,50 ans ou plus,4.7
1981-Q2,1981,2,Femmes,Ensemble,9.1
1981-Q2,1981,2,Femmes,Moins de 25 ans,22.6
1981-Q2,1981,2,Hommes,25 à 49 ans,3.4
1981-Q2,1981,2,Hommes,50 ans ou plus,3.5
1981-Q2,1981,2,Hommes,Ensemble,4.7
1981-Q2,1981,2,Hommes,Moins de 25 ans,10.5
1981-Q3,1981,3,Ensemble,25 à 49 ans,4.6
1981-Q3,1981,3,Ensemble,50 ans ou plus,4.1
1981-Q3,1981,3,Ensemble,Ensemble,6.8
1981-Q3,1981,3,Ensemble,Moins de 25 ans,16.7
1981-Q3,1981,3,Femmes,25 à 49 ans,5.9
1981-Q3,1981,3,Femmes,50 ans ou plus,4.8
1981-Q3,1981,3,Femmes,Ensemble,9.3
1981-Q3,1981,3,Femmes,Moins de 25 ans,23.2
1981-Q3,1981,3,Hommes,25 à 49 ans,3.6
1981-Q3,1981,3,Hommes,50 ans ou plus,3.6
1981-Q3,1981,3,Hommes,Ensemble,4.9
1981-Q3,1981,3,Hommes,Moins de 25 ans,11.1
1981-Q4,1981,4,Ensemble,25 à 49 ans,4.7
1981-Q4,1981,4,Ensemble,50 ans ou plus,4.1
1981-Q4,1981,4,Ensemble,Ensemble,6.9
1981-Q4,1981,4,Ensemble,Moins de 25 ans,17.0
1981-Q4,1981,4,Femmes,25 à 49 ans,6.0
1981-Q4,1981,4,Femmes,50 ans ou plus,4.8
1981-Q4,1981,4,Femmes,Ensemble,9.4
1981-Q4,1981,4,Femmes,Moins de 25 ans,23.5
1981-Q4,1981,4,Hommes,25 à 49 ans,3.8
1981-Q4,1981,4,Hommes,50 ans ou plus,3.7
1981-Q4,1981,4,Hommes,Ensemble,5.1
1981-Q4,1981,4,Hommes,Moins de 25 ans,11.5
1982-Q1,1982,1,Ensemble,25 à 49 ans,4.8
1982-Q1,1982,1,Ensemble,50 ans ou plus,4.2
1982-Q1,1982,1,Ensemble,Ensemble,7.0
1982-Q1,1982,1,Ensemble,Moins de 25 ans,17.0
1982-Q1,1982,1,Femmes,25 à 49 ans,6.0
1982-Q1,1982,1,Femmes,50 ans ou plus,4.8
1982-Q1,1982,1,Femmes,Ensemble,9.4
1982-Q1,1982,1,Femmes,Moins de 25 ans,23.5
1982-Q1,1982,1,Hommes,25 à 49 ans,3.8
1982-Q1,1982,1,Hommes,50 ans ou plus,3.8
1982-Q1,1982,1,Hommes,Ensemble,5.2
1982-Q1,1982,1,Hommes,Moins de 25 ans,11.7
1982-Q2,1982,2,Ensemble,25 à 49 ans,4.8
1982-Q2,1982,2,Ensemble,50 ans ou plus,4.3
1982-Q2,1982,2,Ensemble,Ensemble,7.1
1982-Q2,1982,2,Ensemble,Moins de 25 ans,17.4
1982-Q2,1982,2,Femmes,25 à 49 ans,6.1
1982-Q2,1982,2,Femmes,50 ans ou plus,4.9
1982-Q2,1982,2,Femmes,Ensemble,9.5
1982-Q2,1982,2,Femmes,Moins de 25 ans,23.8
1982-Q2,1982,2,Hommes,25 à 49 ans,3.9
1982-Q2,1982,2,Hommes,50 ans ou plus,3.8
1982-Q2,1982,2,Hommes,Ensemble,5.3
1982-Q2,1982,2,Hommes,Moins de 25 ans,12.0
1982-Q3,1982,3,Ensemble,25 à 49 ans,4.9
1982-Q3,1982,3,Ensemble,50 ans ou plus,4.4
1982-Q3,1982,3,Ensemble,Ensemble,7.2
1982-Q3,1982,3,Ensemble,Moins de 25 ans,17.8
1982-Q3,1982,3,Femmes,25 à 49 ans,6.2
1982-Q3,1982,3,Femmes,50 ans ou plus,5.1
1982-Q3,1982,3,Femmes,Ensemble,9.6
1982-Q3,1982,3,Femmes,Moins de 25 ans,24.1
1982-Q3,1982,3,Hommes,25 à 49 ans,4.0
1982-Q3,1982,3,Hommes,50 ans ou plus,3.9
1982-Q3,1982,3,Hommes,Ensemble,5.5
1982-Q3,1982,3,Hommes,Moins de 25 ans,12.5
1982-Q4,1982,4,Ensemble,25 à 49 ans,4.9
1982-Q4,1982,4,Ensemble,50 ans ou plus,4.4
1982-Q4,1982,4,Ensemble,Ensemble,7.3
1982-Q4,1982,4,Ensemble,Moins de 25 ans,17.9
1982-Q4,1982,4,Femmes,25 à 49 ans,6.2
1982-Q4,1982,4,Femmes,50 ans ou plus,5.1
1982-Q4,1982,4,Femmes,Ensemble,9.7
1982-Q4,1982,4,Femmes,Moins de 25 ans,24.1
1982-Q4,1982,4,Hommes,25 à 49 ans,4.0
1982-Q4,1982,4,Hommes,50 ans ou plus,3.9
1982-Q4,1982,4,Hommes,Ensemble,5.6
1982-Q4,1982,4,Hommes,Moins de 25 ans,12.8
1983-Q1,1983,1,Ensemble,25 à 49 ans,4.9
1983-Q1,1983,1,Ensemble,50 ans ou plus,4.4
1983-Q1,1983,1,Ensemble,Ensemble,7.3
1983-Q1,1983,1,Ensemble,Moins de 25 ans,17.8
1983-Q1,1983,1,Femmes,25 à 49 ans,6.2
1983-Q1,1983,1,Femmes,50 ans ou plus,5.1
1983-Q1,1983,1,Femmes,Ensemble,9.6
1983-Q1,1983,1,Femmes,Moins de 25 ans,23.8
1983-Q1,1983,1,Hommes,25 à 49 ans,4.0
1983-Q1,1983,1,Hommes,50 ans ou plus,3.9
1983-Q1,1983,1,Hommes,Ensemble,5.6
1983-Q1,1983,1,Hommes,Moins de 25 ans,12.9
1983-Q2,1983,2,Ensemble,25 à 49 ans,4.9
1983-Q2,1983,2,Ensemble,50 ans ou plus,4.4
1983-Q2,1983,2,Ensemble,Ensemble,7.3
1983-Q2,1983,2,Ensemble,Moins de 25 ans,18.0
1983-Q2,1983,2,Femmes,25 à 49 ans,6.1
1983-Q2,1983,2,Femmes,50 ans ou plus,5.1
1983-Q2,1983,2,Femmes,Ensemble,9.5
1983-Q2,1983,2,Femmes,Moins de 25 ans,23.9
1983-Q2,1983,2,Hommes,25 à 49 ans,4.0
1983-Q2,1983,2,Hommes,50 ans ou plus,4.0
1983-Q2,1983,2,Hommes,Ensemble,5.7
1983-Q2,1983,2,Hommes,Moins de 25 ans,13.1
1983-Q3,1983,3,Ensemble,25 à 49 ans,5.0
1983-Q3,1983,3,Ensemble,50 ans ou plus,4.4
1983-Q3,1983,3,Ensemble,Ensemble,7.5
1983-Q3,1983,3,Ensemble,Moins de 25 ans,18.5
1983-Q3,1983,3,Femmes,25 à 49 ans,6.2
1983-Q3,1983,3,Femmes,50 ans ou plus,5.1
1983-Q3,1983,3,Femmes,Ensemble,9.7
1983-Q3,1983,3,Femmes,Moins de 25 ans,24.5
1983-Q3,1983,3,Hommes,25 à 49 ans,4.2
1983-Q3,1983,3,Hommes,50 ans ou plus,4.0
1983-Q3,1983,3,Hommes,Ensemble,5.8
1983-Q3,1983,3,Hommes,Moins de 25 ans,13.7
1983-Q4,1983,4,Ensemble,25 à 49 ans,5.3
1983-Q4,1983,4,Ensemble,50 ans ou plus,4.5
1983-Q4,1983,4,Ensemble,Ensemble,7.8
1983-Q4,1983,4,Ensemble,Moins de 25 ans,19.6
1983-Q4,1983,4,Femmes,25 à 49 ans,6.4
1983-Q4,1983,4,Femmes,50 ans ou plus,5.2
1983-Q4,1983,4,Femmes,Ensemble,10.0
1983-Q4,1983,4,Femmes,Moins de 25 ans,25.6
1983-Q4,1983,4,Hommes,25 à 49 ans,4.4
1983-Q4,1983,4,Hommes,50 ans ou plus,4.0
1983-Q4,1983,4,Hommes,Ensemble,6.1
1983-Q4,1983,4,Hommes,Moins de 25 ans,14.6
1984-Q1,1984,1,Ensemble,25 à 49 ans,5.6
1984-Q1,1984,1,Ensemble,50 ans ou plus,4.6
1984-Q1,1984,1,Ensemble,Ensemble,8.2
1984-Q1,1984,1,Ensemble,Moins de 25 ans,21.0
1984-Q1,1984,1,Femmes,25 à 49 ans,6.7
1984-Q1,1984,1,Femmes,50 ans ou plus,5.4
1984-Q1,1984,1,Femmes,Ensemble,10.5
1984-Q1,1984,1,Femmes,Moins de 25 ans,27.2
1984-Q1,1984,1,Hommes,25 à 49 ans,4.7
1984-Q1,1984,1,Hommes,50 ans ou plus,4.1
1984-Q1,1984,1,Hommes,Ensemble,6.5
1984-Q1,1984,1,Hommes,Moins de 25 ans,15.8
1984-Q2,1984,2,Ensemble,25 à 49 ans,5.8
1984-Q2,1984,2,Ensemble,50 ans ou plus,4.8
1984-Q2,1984,2,Ensemble,Ensemble,8.6
1984-Q2,1984,2,Ensemble,Moins de 25 ans,22.1
1984-Q2,1984,2,Femmes,25 à 49 ans,6.9
1984-Q2,1984,2,Femmes,50 ans ou plus,5.5
1984-Q2,1984,2,Femmes,Ensemble,10.8
1984-Q2,1984,2,Femmes,Moins de 25 ans,28.2
1984-Q2,1984,2,Hommes,25 à 49 ans,5.0
1984-Q2,1984,2,Hommes,50 ans ou plus,4.3
1984-Q2,1984,2,Hommes,Ensemble,6.9
1984-Q2,1984,2,Hommes,Moins de 25 ans,17.0
1984-Q3,1984,3,Ensemble,25 à 49 ans,6.0
1984-Q3,1984,3,Ensemble,50 ans ou plus,4.9
1984-Q3,1984,3,Ensemble,Ensemble,8.8
1984-Q3,1984,3,Ensemble,Moins de 25 ans,22.6
1984-Q3,1984,3,Femmes,25 à 49 ans,7.0
1984-Q3,1984,3,Femmes,50 ans ou plus,5.5
1984-Q3,1984,3,Femmes,Ensemble,10.9
1984-Q3,1984,3,Femmes,Moins de 25 ans,28.5
1984-Q3,1984,3,Hommes,25 à 49 ans,5.2
1984-Q3,1984,3,Hommes,50 ans ou plus,4.4
1984-Q3,1984,3,Hommes,Ensemble,7.2
1984-Q3,1984,3,Hommes,Moins de 25 ans,17.8
1984-Q4,1984,4,Ensemble,25 à 49 ans,6.2
1984-Q4,1984,4,Ensemble,50 ans ou plus,5.0
1984-Q4,1984,4,Ensemble,Ensemble,9.0
1984-Q4,1984,4,Ensemble,Moins de 25 ans,23.0
1984-Q4,1984,4,Femmes,25 à 49 ans,7.2
1984-Q4,1984,4,Femmes,50 ans ou plus,5.6
1984-Q4,1984,4,Femmes,Ensemble,11.1
1984-Q4,1984,4,Femmes,Moins de 25 ans,28.7
1984-Q4,1984,4,Hommes,25 à 49 ans,5.4
1984-Q4,1984,4,Hommes,50 ans ou plus,4.5
1984-Q4,1984,4,Hommes,Ensemble,7.5
1984-Q4,1984,4,Hommes,Moins de 25 ans,18.2
1985-Q1,1985,1,Ensemble,25 à 49 ans,6.4
1985-Q1,1985,1,Ensemble,50 ans ou plus,5.0
1985-Q1,1985,1,Ensemble,Ensemble,9.1
1985-Q1,1985,1,Ensemble,Moins de 25 ans,23.0
1985-Q1,1985,1,Femmes,25 à 49 ans,7.4
1985-Q1,1985,1,Femmes,50 ans ou plus,5.7
1985-Q1,1985,1,Femmes,Ensemble,11.2
1985-Q1,1985,1,Femmes,Moins de 25 ans,28.4
1985-Q1,1985,1,Hommes,25 à 49 ans,5.6
1985-Q1,1985,1,Hommes,50 ans ou plus,4.6
1985-Q1,1985,1,Hommes,Ensemble,7.6
1985-Q1,1985,1,Hommes,Moins de 25 ans,18.5
1985-Q2,1985,2,Ensemble,25 à 49 ans,6.5
1985-Q2,1985,2,Ensemble,50 ans ou plus,5.2
1985-Q2,1985,2,Ensemble,Ensemble,9.1
1985-Q2,1985,2,Ensemble,Moins de 25 ans,22.3
1985-Q2,1985,2,Femmes,25 à 49 ans,7.6
1985-Q2,1985,2,Femmes,50 ans ou plus,5.7
1985-Q2,1985,2,Femmes,Ensemble,11.1
1985-Q2,1985,2,Femmes,Moins de 25 ans,27.5
1985-Q2,1985,2,Hommes,25 à 49 ans,5.6
1985-Q2,1985,2,Hommes,50 ans ou plus,4.8
1985-Q2,1985,2,Hommes,Ensemble,7.6
1985-Q2,1985,2,Hommes,Moins de 25 ans,18.0
1985-Q3,1985,3,Ensemble,25 à 49 ans,6.6
1985-Q3,1985,3,Ensemble,50 ans ou plus,5.4
1985-Q3,1985,3,Ensemble,Ensemble,9.1
1985-Q3,1985,3,Ensemble,Moins de 25 ans,22.0
1985-Q3,1985,3,Femmes,25 à 49 ans,7.7
1985-Q3,1985,3,Femmes,50 ans ou plus,5.9
1985-Q3,1985,3,Femmes,Ensemble,11.1
1985-Q3,1985,3,Femmes,Moins de 25 ans,27.2
1985-Q3,1985,3,Hommes,25 à 49 ans,5.8
1985-Q3,1985,3,Hommes,50 ans ou plus,5.1
1985-Q3,1985,3,Hommes,Ensemble,7.7
1985-Q3,1985,3,Hommes,Moins de 25 ans,17.7
1985-Q4,1985,4,Ensemble,25 à 49 ans,6.7
1985-Q4,1985,4,Ensemble,50 ans ou plus,5.5
1985-Q4,1985,4,Ensemble,Ensemble,9.1
1985-Q4,1985,4,Ensemble,Moins de 25 ans,21.5
1985-Q4,1985,4,Femmes,25 à 49 ans,7.7
1985-Q4,1985,4,Femmes,50 ans ou plus,5.8
1985-Q4,1985,4,Femmes,Ensemble,10.9
1985-Q4,1985,4,Femmes,Moins de 25 ans,26.6
1985-Q4,1985,4,Hommes,25 à 49 ans,5.9
1985-Q4,1985,4,Hommes,50 ans ou plus,5.3
1985-Q4,1985,4,Hommes,Ensemble,7.7
1985-Q4,1985,4,Hommes,Moins de 25 ans,17.3
1986-Q1,1986,1,Ensemble,25 à 49 ans,6.7
1986-Q1,1986,1,Ensemble,50 ans ou plus,5.4
1986-Q1,1986,1,Ensemble,Ensemble,9.0
1986-Q1,1986,1,Ensemble,Moins de 25 ans,21.1
1986-Q1,1986,1,Femmes,25 à 49 ans,7.7
1986-Q1,1986,1,Femmes,50 ans ou plus,5.6
1986-Q1,1986,1,Femmes,Ensemble,10.8
1986-Q1,1986,1,Femmes,Moins de 25 ans,26.1
1986-Q1,1986,1,Hommes,25 à 49 ans,5.9
1986-Q1,1986,1,Hommes,50 ans ou plus,5.3
1986-Q1,1986,1,Hommes,Ensemble,7.7
1986-Q1,1986,1,Hommes,Moins de 25 ans,16.9
1986-Q2,1986,2,Ensemble,25 à 49 ans,6.8
1986-Q2,1986,2,Ensemble,50 ans ou plus,5.5
1986-Q2,1986,2,Ensemble,Ensemble,9.1
1986-Q2,1986,2,Ensemble,Moins de 25 ans,21.1
1986-Q2,1986,2,Femmes,25 à 49 ans,7.9
1986-Q2,1986,2,Femmes,50 ans ou plus,5.6
1986-Q2,1986,2,Femmes,Ensemble,10.9
1986-Q2,1986,2,Femmes,Moins de 25 ans,26.1
1986-Q2,1986,2,Hommes,25 à 49 ans,6.0
1986-Q2,1986,2,Hommes,50 ans ou plus,5.4
1986-Q2,1986,2,Hommes,Ensemble,7.7
1986-Q2,1986,2,Hommes,Moins de 25 ans,16.9
1986-Q3,1986,3,Ensemble,25 à 49 ans,7.0
1986-Q3,1986,3,Ensemble,50 ans ou plus,5.4
1986-Q3,1986,3,Ensemble,Ensemble,9.1
1986-Q3,1986,3,Ensemble,Moins de 25 ans,20.9
1986-Q3,1986,3,Femmes,25 à 49 ans,8.2
1986-Q3,1986,3,Femmes,50 ans ou plus,5.6
1986-Q3,1986,3,Femmes,Ensemble,11.1
1986-Q3,1986,3,Femmes,Moins de 25 ans,26.2
1986-Q3,1986,3,Hommes,25 à 49 ans,6.1
1986-Q3,1986,3,Hommes,50 ans ou plus,5.3
1986-Q3,1986,3,Hommes,Ensemble,7.7
1986-Q3,1986,3,Hommes,Moins de 25 ans,16.3
1986-Q4,1986,4,Ensemble,25 à 49 ans,7.1
1986-Q4,1986,4,Ensemble,50 ans ou plus,5.5
1986-Q4,1986,4,Ensemble,Ensemble,9.2
1986-Q4,1986,4,Ensemble,Moins de 25 ans,20.5
1986-Q4,1986,4,Femmes,25 à 49 ans,8.4
1986-Q4,1986,4,Femmes,50 ans ou plus,5.8
1986-Q4,1986,4,Femmes,Ensemble,11.2
1986-Q4,1986,4,Femmes,Moins de 25 ans,26.0
1986-Q4,1986,4,Hommes,25 à 49 ans,6.1
1986-Q4,1986,4,Hommes,50 ans ou plus,5.3
1986-Q4,1986,4,Hommes,Ensemble,7.6
1986-Q4,1986,4,Hommes,Moins de 25 ans,15.8
1987-Q1,1987,1,Ensemble,25 à 49 ans,7.3
1987-Q1,1987,1,Ensemble,50 ans ou plus,5.7
1987-Q1,1987,1,Ensemble,Ensemble,9.3
1987-Q1,1987,1,Ensemble,Moins de 25 ans,20.2
1987-Q1,1987,1,Femmes,25 à 49 ans,8.7
1987-Q1,1987,1,Femmes,50 ans ou plus,6.2
1987-Q1,1987,1,Femmes,Ensemble,11.4
1987-Q1,1987,1,Femmes,Moins de 25 ans,25.8
1987-Q1,1987,1,Hommes,25 à 49 ans,6.2
1987-Q1,1987,1,Hommes,50 ans ou plus,5.4
1987-Q1,1987,1,Hommes,Ensemble,7.6
1987-Q1,1987,1,Hommes,Moins de 25 ans,15.5
1987-Q2,1987,2,Ensemble,25 à 49 ans,7.4
1987-Q2,1987,2,Ensemble,50 ans ou plus,5.8
1987-Q2,1987,2,Ensemble,Ensemble,9.3
1987-Q2,1987,2,Ensemble,Moins de 25 ans,20.0
1987-Q2,1987,2,Femmes,25 à 49 ans,8.9
1987-Q2,1987,2,Femmes,50 ans ou plus,6.4
1987-Q2,1987,2,Femmes,Ensemble,11.5
1987-Q2,1987,2,Femmes,Moins de 25 ans,25.5
1987-Q2,1987,2,Hommes,25 à 49 ans,6.2
1987-Q2,1987,2,Hommes,50 ans ou plus,5.4
1987-Q2,1987,2,Hommes,Ensemble,7.6
1987-Q2,1987,2,Hommes,Moins de 25 ans,15.3
1987-Q3,1987,3,Ensemble,25 à 49 ans,7.3
1987-Q3,1987,3,Ensemble,50 ans ou plus,5.9
1987-Q3,1987,3,Ensemble,Ensemble,9.2
1987-Q3,1987,3,Ensemble,Moins de 25 ans,19.7
1987-Q3,1987,3,Femmes,25 à 49 ans,8.8
1987-Q3,1987,3,Femmes,50 ans ou plus,6.6
1987-Q3,1987,3,Femmes,Ensemble,11.3
1987-Q3,1987,3,Femmes,Moins de 25 ans,25.0
1987-Q3,1987,3,Hommes,25 à 49 ans,6.1
1987-Q3,1987,3,Hommes,50 ans ou plus,5.4
1987-Q3,1987,3,Hommes,Ensemble,7.5
1987-Q3,1987,3,Hommes,Moins de 25 ans,15.1
1987-Q4,1987,4,Ensemble,25 à 49 ans,7.3
1987-Q4,1987,4,Ensemble,50 ans ou plus,5.9
1987-Q4,1987,4,Ensemble,Ensemble,9.1
1987-Q4,1987,4,Ensemble,Moins de 25 ans,19.6
1987-Q4,1987,4,Femmes,25 à 49 ans,8.9
1987-Q4,1987,4,Femmes,50 ans ou plus,6.7
1987-Q4,1987,4,Femmes,Ensemble,11.3
1987-Q4,1987,4,Femmes,Moins de 25 ans,24.7
1987-Q4,1987,4,Hommes,25 à 49 ans,6.1
1987-Q4,1987,4,Hommes,50 ans ou plus,5.4
1987-Q4,1987,4,Hommes,Ensemble,7.4
1987-Q4,1987,4,Hommes,Moins de 25 ans,15.2
1988-Q1,1988,1,Ensemble,25 à 49 ans,7.3
1988-Q1,1988,1,Ensemble,50 ans ou plus,5.9
1988-Q1,1988,1,Ensemble,Ensemble,9.0
1988-Q1,1988,1,Ensemble,Moins de 25 ans,19.4
1988-Q1,1988,1,Femmes,25 à 49 ans,8.9
1988-Q1,1988,1,Femmes,50 ans ou plus,6.6
1988-Q1,1988,1,Femmes,Ensemble,11.2
1988-Q1,1988,1,Femmes,Moins de 25 ans,24.5
1988-Q1,1988,1,Hommes,25 à 49 ans,6.1
1988-Q1,1988,1,Hommes,50 ans ou plus,5.4
1988-Q1,1988,1,Hommes,Ensemble,7.4
1988-Q1,1988,1,Hommes,Moins de 25 ans,15.1
1988-Q2,1988,2,Ensemble,25 à 49 ans,7.2
1988-Q2,1988,2,Ensemble,50 ans ou plus,5.8
1988-Q2,1988,2,Ensemble,Ensemble,8.9
1988-Q2,1988,2,Ensemble,Moins de 25 ans,19.0
1988-Q2,1988,2,Femmes,25 à 49 ans,8.8
1988-Q2,1988,2,Femmes,50 ans ou plus,6.5
1988-Q2,1988,2,Femmes,Ensemble,11.0
1988-Q2,1988,2,Femmes,Moins de 25 ans,24.1
1988-Q2,1988,2,Hommes,25 à 49 ans,6.0
1988-Q2,1988,2,Hommes,50 ans ou plus,5.2
1988-Q2,1988,2,Hommes,Ensemble,7.2
1988-Q2,1988,2,Hommes,Moins de 25 ans,14.6
1988-Q3,1988,3,Ensemble,25 à 49 ans,7.3
1988-Q3,1988,3,Ensemble,50 ans ou plus,5.7
1988-Q3,1988,3,Ensemble,Ensemble,8.9
1988-Q3,1988,3,Ensemble,Moins de 25 ans,18.5
1988-Q3,1988,3,Femmes,25 à 49 ans,9.1
1988-Q3,1988,3,Femmes,50 ans ou plus,6.4
1988-Q3,1988,3,Femmes,Ensemble,11.1
1988-Q3,1988,3,Femmes,Moins de 25 ans,23.9
1988-Q3,1988,3,Hommes,25 à 49 ans,6.0
1988-Q3,1988,3,Hommes,50 ans ou plus,5.1
1988-Q3,1988,3,Hommes,Ensemble,7.1
1988-Q3,1988,3,Hommes,Moins de 25 ans,14.0
1988-Q4,1988,4,Ensemble,25 à 49 ans,7.3
1988-Q4,1988,4,Ensemble,50 ans ou plus,5.6
1988-Q4,1988,4,Ensemble,Ensemble,8.7
1988-Q4,1988,4,Ensemble,Moins de 25 ans,17.7
1988-Q4,1988,4,Femmes,25 à 49 ans,9.1
1988-Q4,1988,4,Femmes,50 ans ou plus,6.4
1988-Q4,1988,4,Femmes,Ensemble,11.0
1988-Q4,1988,4,Femmes,Moins de 25 ans,23.1
1988-Q4,1988,4,Hommes,25 à 49 ans,5.8
1988-Q4,1988,4,Hommes,50 ans ou plus,5.0
1988-Q4,1988,4,Hommes,Ensemble,6.8
1988-Q4,1988,4,Hommes,Moins de 25 ans,13.2
1989-Q1,1989,1,Ensemble,25 à 49 ans,7.1
1989-Q1,1989,1,Ensemble,50 ans ou plus,5.6
1989-Q1,1989,1,Ensemble,Ensemble,8.4
1989-Q1,1989,1,Ensemble,Moins de 25 ans,17.0
1989-Q1,1989,1,Femmes,25 à 49 ans,9.1
1989-Q1,1989,1,Femmes,50 ans ou plus,6.4
1989-Q1,1989,1,Femmes,Ensemble,10.8
1989-Q1,1989,1,Femmes,Moins de 25 ans,22.5
1989-Q1,1989,1,Hommes,25 à 49 ans,5.6
1989-Q1,1989,1,Hommes,50 ans ou plus,5.0
1989-Q1,1989,1,Hommes,Ensemble,6.6
1989-Q1,1989,1,Hommes,Moins de 25 ans,12.5
1989-Q2,1989,2,Ensemble,25 à 49 ans,7.0
1989-Q2,1989,2,Ensemble,50 ans ou plus,5.4
1989-Q2,1989,2,Ensemble,Ensemble,8.3
1989-Q2,1989,2,Ensemble,Moins de 25 ans,16.7
1989-Q2,1989,2,Femmes,25 à 49 ans,8.9
1989-Q2,1989,2,Femmes,50 ans ou plus,6.3
1989-Q2,1989,2,Femmes,Ensemble,10.6
1989-Q2,1989,2,Femmes,Moins de 25 ans,22.1
1989-Q2,1989,2,Hommes,25 à 49 ans,5.5
1989-Q2,1989,2,Hommes,50 ans ou plus,4.8
1989-Q2,1989,2,Hommes,Ensemble,6.4
1989-Q2,1989,2,Hommes,Moins de 25 ans,12.2
1989-Q3,1989,3,Ensemble,25 à 49 ans,6.9
1989-Q3,1989,3,Ensemble,50 ans ou plus,5.3
1989-Q3,1989,3,Ensemble,Ensemble,8.1
1989-Q3,1989,3,Ensemble,Moins de 25 ans,16.4
1989-Q3,1989,3,Femmes,25 à 49 ans,8.8
1989-Q3,1989,3,Femmes,50 ans ou plus,6.2
1989-Q3,1989,3,Femmes,Ensemble,10.4
1989-Q3,1989,3,Femmes,Moins de 25 ans,21.5
1989-Q3,1989,3,Hommes,25 à 49 ans,5.5
1989-Q3,1989,3,Hommes,50 ans ou plus,4.6
1989-Q3,1989,3,Hommes,Ensemble,6.3
1989-Q3,1989,3,Hommes,Moins de 25 ans,12.2
1989-Q4,1989,4,Ensemble,25 à 49 ans,6.9
1989-Q4,1989,4,Ensemble,50 ans ou plus,5.2
1989-Q4,1989,4,Ensemble,Ensemble,8.1
1989-Q4,1989,4,Ensemble,Moins de 25 ans,16.7
1989-Q4,1989,4,Femmes,25 à 49 ans,8.7
1989-Q4,1989,4,Femmes,50 ans ou plus,6.1
1989-Q4,1989,4,Femmes,Ensemble,10.3
1989-Q4,1989,4,Femmes,Moins de 25 ans,21.6
1989-Q4,1989,4,Hommes,25 à 49 ans,5.4
1989-Q4,1989,4,Hommes,50 ans ou plus,4.5
1989-Q4,1989,4,Hommes,Ensemble,6.3
1989-Q4,1989,4,Hommes,Moins de 25 ans,12.5
1990-Q1,1990,1,Ensemble,25 à 49 ans,6.9
1990-Q1,1990,1,Ensemble,50 ans ou plus,5.1
1990-Q1,1990,1,Ensemble,Ensemble,8.1
1990-Q1,1990,1,Ensemble,Moins de 25 ans,16.9
1990-Q1,1990,1,Femmes,25 à 49 ans,8.6
1990-Q1,1990,1,Femmes,50 ans ou plus,6.1
1990-Q1,1990,1,Femmes,Ensemble,10.3
1990-Q1,1990,1,Femmes,Moins de 25 ans,21.6
1990-Q1,1990,1,Hommes,25 à 49 ans,5.4
1990-Q1,1990,1,Hommes,50 ans ou plus,4.4
1990-Q1,1990,1,Hommes,Ensemble,6.3
1990-Q1,1990,1,Hommes,Moins de 25 ans,12.9
1990-Q2,1990,2,Ensemble,25 à 49 ans,6.8
1990-Q2,1990,2,Ensemble,50 ans ou plus,5.1
1990-Q2,1990,2,Ensemble,Ensemble,8.0
1990-Q2,1990,2,Ensemble,Moins de 25 ans,16.8
1990-Q2,1990,2,Femmes,25 à 49 ans,8.6
1990-Q2,1990,2,Femmes,50 ans ou plus,6.0
1990-Q2,1990,2,Femmes,Ensemble,10.2
1990-Q2,1990,2,Femmes,Moins de 25 ans,21.4
1990-Q2,1990,2,Hommes,25 à 49 ans,5.4
1990-Q2,1990,2,Hommes,50 ans ou plus,4.3
1990-Q2,1990,2,Hommes,Ensemble,6.3
1990-Q2,1990,2,Hommes,Moins de 25 ans,13.0
1990-Q3,1990,3,Ensemble,25 à 49 ans,6.8
1990-Q3,1990,3,Ensemble,50 ans ou plus,5.1
1990-Q3,1990,3,Ensemble,Ensemble,8.0
1990-Q3,1990,3,Ensemble,Moins de 25 ans,16.7
1990-Q3,1990,3,Femmes,25 à 49 ans,8.5
1990-Q3,1990,3,Femmes,50 ans ou plus,6.1
1990-Q3,1990,3,Femmes,Ensemble,10.1
1990-Q3,1990,3,Femmes,Moins de 25 ans,21.2
1990-Q3,1990,3,Hommes,25 à 49 ans,5.4
1990-Q3,1990,3,Hommes,50 ans ou plus,4.3
1990-Q3,1990,3,Hommes,Ensemble,6.3
1990-Q3,1990,3,Hommes,Moins de 25 ans,13.0
1990-Q4,1990,4,Ensemble,25 à 49 ans,6.8
1990-Q4,1990,4,Ensemble,50 ans ou plus,5.1
1990-Q4,1990,4,Ensemble,Ensemble,8.0
1990-Q4,1990,4,Ensemble,Moins de 25 ans,16.9
1990-Q4,1990,4,Femmes,25 à 49 ans,8.5
1990-Q4,1990,4,Femmes,50 ans ou plus,6.1
1990-Q4,1990,4,Femmes,Ensemble,10.0
1990-Q4,1990,4,Femmes,Moins de 25 ans,21.5
1990-Q4,1990,4,Hommes,25 à 49 ans,5.4
1990-Q4,1990,4,Hommes,50 ans ou plus,4.4
1990-Q4,1990,4,Hommes,Ensemble,6.3
1990-Q4,1990,4,Hommes,Moins de 25 ans,13.1
1991-Q1,1991,1,Ensemble,25 à 49 ans,6.8
1991-Q1,1991,1,Ensemble,50 ans ou plus,5.2
1991-Q1,1991,1,Ensemble,Ensemble,7.9
1991-Q1,1991,1,Ensemble,Moins de 25 ans,17.0
1991-Q1,1991,1,Femmes,25 à 49 ans,8.4
1991-Q1,1991,1,Femmes,50 ans ou plus,6.3
1991-Q1,1991,1,Femmes,Ensemble,10.0
1991-Q1,1991,1,Femmes,Moins de 25 ans,21.8
1991-Q1,1991,1,Hommes,25 à 49 ans,5.5
1991-Q1,1991,1,Hommes,50 ans ou plus,4.4
1991-Q1,1991,1,Hommes,Ensemble,6.3
1991-Q1,1991,1,Hommes,Moins de 25 ans,12.9
1991-Q2,1991,2,Ensemble,25 à 49 ans,6.9
1991-Q2,1991,2,Ensemble,50 ans ou plus,5.4
1991-Q2,1991,2,Ensemble,Ensemble,8.1
1991-Q2,1991,2,Ensemble,Moins de 25 ans,17.4
1991-Q2,1991,2,Femmes,25 à 49 ans,8.4
1991-Q2,1991,2,Femmes,50 ans ou plus,6.4
1991-Q2,1991,2,Femmes,Ensemble,10.1
1991-Q2,1991,2,Femmes,Moins de 25 ans,22.4
1991-Q2,1991,2,Hommes,25 à 49 ans,5.6
1991-Q2,1991,2,Hommes,50 ans ou plus,4.5
1991-Q2,1991,2,Hommes,Ensemble,6.4
1991-Q2,1991,2,Hommes,Moins de 25 ans,13.2
1991-Q3,1991,3,Ensemble,25 à 49 ans,7.1
1991-Q3,1991,3,Ensemble,50 ans ou plus,5.6
1991-Q3,1991,3,Ensemble,Ensemble,8.3
1991-Q3,1991,3,Ensemble,Moins de 25 ans,17.7
1991-Q3,1991,3,Femmes,25 à 49 ans,8.7
1991-Q3,1991,3,Femmes,50 ans ou plus,6.6
1991-Q3,1991,3,Femmes,Ensemble,10.3
1991-Q3,1991,3,Femmes,Moins de 25 ans,23.0
1991-Q3,1991,3,Hommes,25 à 49 ans,5.8
1991-Q3,1991,3,Hommes,50 ans ou plus,4.8
1991-Q3,1991,3,Hommes,Ensemble,6.6
1991-Q3,1991,3,Hommes,Moins de 25 ans,13.3
1991-Q4,1991,4,Ensemble,25 à 49 ans,7.3
1991-Q4,1991,4,Ensemble,50 ans ou plus,5.8
1991-Q4,1991,4,Ensemble,Ensemble,8.5
1991-Q4,1991,4,Ensemble,Moins de 25 ans,17.8
1991-Q4,1991,4,Femmes,25 à 49 ans,9.0
1991-Q4,1991,4,Femmes,50 ans ou plus,6.8
1991-Q4,1991,4,Femmes,Ensemble,10.6
1991-Q4,1991,4,Femmes,Moins de 25 ans,23.2
1991-Q4,1991,4,Hommes,25 à 49 ans,6.0
1991-Q4,1991,4,Hommes,50 ans ou plus,5.0
1991-Q4,1991,4,Hommes,Ensemble,6.8
1991-Q4,1991,4,Hommes,Moins de 25 ans,13.4
1992-Q1,1992,1,Ensemble,25 à 49 ans,7.6
1992-Q1,1992,1,Ensemble,50 ans ou plus,6.0
1992-Q1,1992,1,Ensemble,Ensemble,8.7
1992-Q1,1992,1,Ensemble,Moins de 25 ans,18.3
1992-Q1,1992,1,Femmes,25 à 49 ans,9.2
1992-Q1,1992,1,Femmes,50 ans ou plus,6.9
1992-Q1,1992,1,Femmes,Ensemble,10.8
1992-Q1,1992,1,Femmes,Moins de 25 ans,23.8
1992-Q1,1992,1,Hommes,25 à 49 ans,6.2
1992-Q1,1992,1,Hommes,50 ans ou plus,5.3
1992-Q1,1992,1,Hommes,Ensemble,7.1
1992-Q1,1992,1,Hommes,Moins de 25 ans,13.7
1992-Q2,1992,2,Ensemble,25 à 49 ans,7.8
1992-Q2,1992,2,Ensemble,50 ans ou plus,6.1
1992-Q2,1992,2,Ensemble,Ensemble,8.9
1992-Q2,1992,2,Ensemble,Moins de 25 ans,18.5
1992-Q2,1992,2,Femmes,25 à 49 ans,9.4
1992-Q2,1992,2,Femmes,50 ans ou plus,6.9
1992-Q2,1992,2,Femmes,Ensemble,10.9
1992-Q2,1992,2,Femmes,Moins de 25 ans,23.9
1992-Q2,1992,2,Hommes,25 à 49 ans,6.4
1992-Q2,1992,2,Hommes,50 ans ou plus,5.5
1992-Q2,1992,2,Hommes,Ensemble,7.3
1992-Q2,1992,2,Hommes,Moins de 25 ans,14.1
1992-Q3,1992,3,Ensemble,25 à 49 ans,7.9
1992-Q3,1992,3,Ensemble,50 ans ou plus,6.0
1992-Q3,1992,3,Ensemble,Ensemble,9.1
1992-Q3,1992,3,Ensemble,Moins de 25 ans,19.3
1992-Q3,1992,3,Femmes,25 à 49 ans,9.5
1992-Q3,1992,3,Femmes,50 ans ou plus,6.8
1992-Q3,1992,3,Femmes,Ensemble,11.0
1992-Q3,1992,3,Femmes,Moins de 25 ans,24.4
1992-Q3,1992,3,Hommes,25 à 49 ans,6.7
1992-Q3,1992,3,Hommes,50 ans ou plus,5.5
1992-Q3,1992,3,Hommes,Ensemble,7.6
1992-Q3,1992,3,Hommes,Moins de 25 ans,15.1
1992-Q4,1992,4,Ensemble,25 à 49 ans,8.1
1992-Q4,1992,4,Ensemble,50 ans ou plus,5.9
1992-Q4,1992,4,Ensemble,Ensemble,9.3
1992-Q4,1992,4,Ensemble,Moins de 25 ans,20.1
1992-Q4,1992,4,Femmes,25 à 49 ans,9.5
1992-Q4,1992,4,Femmes,50 ans ou plus,6.6
1992-Q4,1992,4,Femmes,Ensemble,11.1
1992-Q4,1992,4,Femmes,Moins de 25 ans,25.0
1992-Q4,1992,4,Hommes,25 à 49 ans,7.0
1992-Q4,1992,4,Hommes,50 ans ou plus,5.4
1992-Q4,1992,4,Hommes,Ensemble,7.9
1992-Q4,1992,4,Hommes,Moins de 25 ans,16.0
1993-Q1,1993,1,Ensemble,25 à 49 ans,8.4
1993-Q1,1993,1,Ensemble,50 ans ou plus,5.7
1993-Q1,1993,1,Ensemble,Ensemble,9.6
1993-Q1,1993,1,Ensemble,Moins de 25 ans,20.8
1993-Q1,1993,1,Femmes,25 à 49 ans,9.6
1993-Q1,1993,1,Femmes,50 ans ou plus,6.3
1993-Q1,1993,1,Femmes,Ensemble,11.2
1993-Q1,1993,1,Femmes,Moins de 25 ans,25.6
1993-Q1,1993,1,Hommes,25 à 49 ans,7.4
1993-Q1,1993,1,Hommes,50 ans ou plus,5.3
1993-Q1,1993,1,Hommes,Ensemble,8.2
1993-Q1,1993,1,Hommes,Moins de 25 ans,16.8
1993-Q2,1993,2,Ensemble,25 à 49 ans,8.7
1993-Q2,1993,2,Ensemble,50 ans ou plus,5.7
1993-Q2,1993,2,Ensemble,Ensemble,9.9
1993-Q2,1993,2,Ensemble,Moins de 25 ans,21.7
1993-Q2,1993,2,Femmes,25 à 49 ans,9.8
1993-Q2,1993,2,Femmes,50 ans ou plus,6.2
1993-Q2,1993,2,Femmes,Ensemble,11.3
1993-Q2,1993,2,Femmes,Moins de 25 ans,26.3
1993-Q2,1993,2,Hommes,25 à 49 ans,7.8
1993-Q2,1993,2,Hommes,50 ans ou plus,5.4
1993-Q2,1993,2,Hommes,Ensemble,8.6
1993-Q2,1993,2,Hommes,Moins de 25 ans,17.8
1993-Q3,1993,3,Ensemble,25 à 49 ans,9.0
1993-Q3,1993,3,Ensemble,50 ans ou plus,5.8
1993-Q3,1993,3,Ensemble,Ensemble,10.2
1993-Q3,1993,3,Ensemble,Moins de 25 ans,22.5
1993-Q3,1993,3,Femmes,25 à 49 ans,10.0
1993-Q3,1993,3,Femmes,50 ans ou plus,6.2
1993-Q3,1993,3,Femmes,Ensemble,11.6
1993-Q3,1993,3,Femmes,Moins de 25 ans,27.0
1993-Q3,1993,3,Hommes,25 à 49 ans,8.2
1993-Q3,1993,3,Hommes,50 ans ou plus,5.6
1993-Q3,1993,3,Hommes,Ensemble,9.0
1993-Q3,1993,3,Hommes,Moins de 25 ans,18.6
1993-Q4,1993,4,Ensemble,25 à 49 ans,9.4
1993-Q4,1993,4,Ensemble,50 ans ou plus,6.0
1993-Q4,1993,4,Ensemble,Ensemble,10.5
1993-Q4,1993,4,Ensemble,Moins de 25 ans,23.0
1993-Q4,1993,4,Femmes,25 à 49 ans,10.3
1993-Q4,1993,4,Femmes,50 ans ou plus,6.3
1993-Q4,1993,4,Femmes,Ensemble,11.8
1993-Q4,1993,4,Femmes,Moins de 25 ans,27.5
1993-Q4,1993,4,Hommes,25 à 49 ans,8.5
1993-Q4,1993,4,Hommes,50 ans ou plus,5.8
1993-Q4,1993,4,Hommes,Ensemble,9.4
1993-Q4,1993,4,Hommes,Moins de 25 ans,19.1
1994-Q1,1994,1,Ensemble,25 à 49 ans,9.6
1994-Q1,1994,1,Ensemble,50 ans ou plus,6.0
1994-Q1,1994,1,Ensemble,Ensemble,10.7
1994-Q1,1994,1,Ensemble,Moins de 25 ans,23.6
1994-Q1,1994,1,Femmes,25 à 49 ans,10.6
1994-Q1,1994,1,Femmes,50 ans ou plus,6.2
1994-Q1,1994,1,Femmes,Ensemble,12.0
1994-Q1,1994,1,Femmes,Moins de 25 ans,28.2
1994-Q1,1994,1,Hommes,25 à 49 ans,8.7
1994-Q1,1994,1,Hommes,50 ans ou plus,5.9
1994-Q1,1994,1,Hommes,Ensemble,9.6
1994-Q1,1994,1,Hommes,Moins de 25 ans,19.7
1994-Q2,1994,2,Ensemble,25 à 49 ans,9.6
1994-Q2,1994,2,Ensemble,50 ans ou plus,5.9
1994-Q2,1994,2,Ensemble,Ensemble,10.7
1994-Q2,1994,2,Ensemble,Moins de 25 ans,24.0
1994-Q2,1994,2,Femmes,25 à 49 ans,10.7
1994-Q2,1994,2,Femmes,50 ans ou plus,6.0
1994-Q2,1994,2,Femmes,Ensemble,12.1
1994-Q2,1994,2,Femmes,Moins de 25 ans,28.9
1994-Q2,1994,2,Hommes,25 à 49 ans,8.7
1994-Q2,1994,2,Hommes,50 ans ou plus,5.8
1994-Q2,1994,2,Hommes,Ensemble,9.6
1994-Q2,1994,2,Hommes,Moins de 25 ans,20.1
1994-Q3,1994,3,Ensemble,25 à 49 ans,9.6
1994-Q3,1994,3,Ensemble,50 ans ou plus,5.9
1994-Q3,1994,3,Ensemble,Ensemble,10.6
1994-Q3,1994,3,Ensemble,Moins de 25 ans,23.7
1994-Q3,1994,3,Femmes,25 à 49 ans,10.7
1994-Q3,1994,3,Femmes,50 ans ou plus,6.0
1994-Q3,1994,3,Femmes,Ensemble,12.1
1994-Q3,1994,3,Femmes,Moins de 25 ans,29.1
1994-Q3,1994,3,Hommes,25 à 49 ans,8.6
1994-Q3,1994,3,Hommes,50 ans ou plus,5.8
1994-Q3,1994,3,Hommes,Ensemble,9.4
1994-Q3,1994,3,Hommes,Moins de 25 ans,19.3
1994-Q4,1994,4,Ensemble,25 à 49 ans,9.4
1994-Q4,1994,4,Ensemble,50 ans ou plus,5.9
1994-Q4,1994,4,Ensemble,Ensemble,10.4
1994-Q4,1994,4,Ensemble,Moins de 25 ans,23.2
1994-Q4,1994,4,Femmes,25 à 49 ans,10.5
1994-Q4,1994,4,Femmes,50 ans ou plus,6.0
1994-Q4,1994,4,Femmes,Ensemble,11.9
1994-Q4,1994,4,Femmes,Moins de 25 ans,29.0
1994-Q4,1994,4,Hommes,25 à 49 ans,8.4
1994-Q4,1994,4,Hommes,50 ans ou plus,5.7
1994-Q4,1994,4,Hommes,Ensemble,9.1
1994-Q4,1994,4,Hommes,Moins de 25 ans,18.3
1995-Q1,1995,1,Ensemble,25 à 49 ans,9.2
1995-Q1,1995,1,Ensemble,50 ans ou plus,5.9
1995-Q1,1995,1,Ensemble,Ensemble,10.2
1995-Q1,1995,1,Ensemble,Moins de 25 ans,22.6
1995-Q1,1995,1,Femmes,25 à 49 ans,10.3
1995-Q1,1995,1,Femmes,50 ans ou plus,6.1
1995-Q1,1995,1,Femmes,Ensemble,11.8
1995-Q1,1995,1,Femmes,Moins de 25 ans,28.7
1995-Q1,1995,1,Hommes,25 à 49 ans,8.2
1995-Q1,1995,1,Hommes,50 ans ou plus,5.8
1995-Q1,1995,1,Hommes,Ensemble,8.8
1995-Q1,1995,1,Hommes,Moins de 25 ans,17.4
1995-Q2,1995,2,Ensemble,25 à 49 ans,9.0
1995-Q2,1995,2,Ensemble,50 ans ou plus,5.9
1995-Q2,1995,2,Ensemble,Ensemble,9.9
1995-Q2,1995,2,Ensemble,Moins de 25 ans,21.7
1995-Q2,1995,2,Femmes,25 à 49 ans,10.2
1995-Q2,1995,2,Femmes,50 ans ou plus,6.1
1995-Q2,1995,2,Femmes,Ensemble,11.5
1995-Q2,1995,2,Femmes,Moins de 25 ans,27.7
1995-Q2,1995,2,Hommes,25 à 49 ans,8.0
1995-Q2,1995,2,Hommes,50 ans ou plus,5.8
1995-Q2,1995,2,Hommes,Ensemble,8.6
1995-Q2,1995,2,Hommes,Moins de 25 ans,16.6
1995-Q3,1995,3,Ensemble,25 à 49 ans,8.9
1995-Q3,1995,3,Ensemble,50 ans ou plus,5.9
1995-Q3,1995,3,Ensemble,Ensemble,9.8
1995-Q3,1995,3,Ensemble,Moins de 25 ans,21.0
1995-Q3,1995,3,Femmes,25 à 49 ans,10.1
1995-Q3,1995,3,Femmes,50 ans ou plus,6.0
1995-Q3,1995,3,Femmes,Ensemble,11.3
1995-Q3,1995,3,Femmes,Moins de 25 ans,26.8
1995-Q3,1995,3,Hommes,25 à 49 ans,8.0
1995-Q3,1995,3,Hommes,50 ans ou plus,5.8
1995-Q3,1995,3,Hommes,Ensemble,8.5
1995-Q3,1995,3,Hommes,Moins de 25 ans,16.1
1995-Q4,1995,4,Ensemble,25 à 49 ans,9.1
1995-Q4,1995,4,Ensemble,50 ans ou plus,5.9
1995-Q4,1995,4,Ensemble,Ensemble,9.9
1995-Q4,1995,4,Ensemble,Moins de 25 ans,21.6
1995-Q4,1995,4,Femmes,25 à 49 ans,10.2
1995-Q4,1995,4,Femmes,50 ans ou plus,6.0
1995-Q4,1995,4,Femmes,Ensemble,11.4
1995-Q4,1995,4,Femmes,Moins de 25 ans,27.1
1995-Q4,1995,4,Hommes,25 à 49 ans,8.1
1995-Q4,1995,4,Hommes,50 ans ou plus,5.8
1995-Q4,1995,4,Hommes,Ensemble,8.7
1995-Q4,1995,4,Hommes,Moins de 25 ans,17.0
1996-Q1,1996,1,Ensemble,25 à 49 ans,9.3
1996-Q1,1996,1,Ensemble,50 ans ou plus,6.2
1996-Q1,1996,1,Ensemble,Ensemble,10.2
1996-Q1,1996,1,Ensemble,Moins de 25 ans,22.1
1996-Q1,1996,1,Femmes,25 à 49 ans,10.5
1996-Q1,1996,1,Femmes,50 ans ou plus,6.4
1996-Q1,1996,1,Femmes,Ensemble,11.7
1996-Q1,1996,1,Femmes,Moins de 25 ans,27.5
1996-Q1,1996,1,Hommes,25 à 49 ans,8.3
1996-Q1,1996,1,Hommes,50 ans ou plus,6.1
1996-Q1,1996,1,Hommes,Ensemble,9.0
1996-Q1,1996,1,Hommes,Moins de 25 ans,17.6
1996-Q2,1996,2,Ensemble,25 à 49 ans,9.5
1996-Q2,1996,2,Ensemble,50 ans ou plus,6.4
1996-Q2,1996,2,Ensemble,Ensemble,10.5
1996-Q2,1996,2,Ensemble,Moins de 25 ans,22.9
1996-Q2,1996,2,Femmes,25 à 49 ans,10.6
1996-Q2,1996,2,Femmes,50 ans ou plus,6.5
1996-Q2,1996,2,Femmes,Ensemble,11.9
1996-Q2,1996,2,Femmes,Moins de 25 ans,28.1
1996-Q2,1996,2,Hommes,25 à 49 ans,8.5
1996-Q2,1996,2,Hommes,50 ans ou plus,6.3
1996-Q2,1996,2,Hommes,Ensemble,9.3
1996-Q2,1996,2,Hommes,Moins de 25 ans,18.6
1996-Q3,1996,3,Ensemble,25 à 49 ans,9.5
1996-Q3,1996,3,Ensemble,50 ans ou plus,6.5
1996-Q3,1996,3,Ensemble,Ensemble,10.5
1996-Q3,1996,3,Ensemble,Moins de 25 ans,23.4
1996-Q3,1996,3,Femmes,25 à 49 ans,10.6
1996-Q3,1996,3,Femmes,50 ans ou plus,6.7
1996-Q3,1996,3,Femmes,Ensemble,11.9
1996-Q3,1996,3,Femmes,Moins de 25 ans,28.7
1996-Q3,1996,3,Hommes,25 à 49 ans,8.6
1996-Q3,1996,3,Hommes,50 ans ou plus,6.3
1996-Q3,1996,3,Hommes,Ensemble,9.4
1996-Q3,1996,3,Hommes,Moins de 25 ans,19.1
1996-Q4,1996,4,Ensemble,25 à 49 ans,9.6
1996-Q4,1996,4,Ensemble,50 ans ou plus,6.5
1996-Q4,1996,4,Ensemble,Ensemble,10.6
1996-Q4,1996,4,Ensemble,Moins de 25 ans,23.8
1996-Q4,1996,4,Femmes,25 à 49 ans,10.5
1996-Q4,1996,4,Femmes,50 ans ou plus,6.8
1996-Q4,1996,4,Femmes,Ensemble,11.8
1996-Q4,1996,4,Femmes,Moins de 25 ans,29.0
1996-Q4,1996,4,Hommes,25 à 49 ans,8.8
1996-Q4,1996,4,Hommes,50 ans ou plus,6.3
1996-Q4,1996,4,Hommes,Ensemble,9.6
1996-Q4,1996,4,Hommes,Moins de 25 ans,19.6
1997-Q1,1997,1,Ensemble,25 à 49 ans,9.7
1997-Q1,1997,1,Ensemble,50 ans ou plus,6.6
1997-Q1,1997,1,Ensemble,Ensemble,10.7
1997-Q1,1997,1,Ensemble,Moins de 25 ans,24.0
1997-Q1,1997,1,Femmes,25 à 49 ans,10.5
1997-Q1,1997,1,Femmes,50 ans ou plus,6.9
1997-Q1,1997,1,Femmes,Ensemble,11.8
1997-Q1,1997,1,Femmes,Moins de 25 ans,29.1
1997-Q1,1997,1,Hommes,25 à 49 ans,8.9
1997-Q1,1997,1,Hommes,50 ans ou plus,6.4
1997-Q1,1997,1,Hommes,Ensemble,9.7
1997-Q1,1997,1,Hommes,Moins de 25 ans,19.9
1997-Q2,1997,2,Ensemble,25 à 49 ans,9.7
1997-Q2,1997,2,Ensemble,50 ans ou plus,6.6
1997-Q2,1997,2,Ensemble,Ensemble,10.7
1997-Q2,1997,2,Ensemble,Moins de 25 ans,23.8
1997-Q2,1997,2,Femmes,25 à 49 ans,10.6
1997-Q2,1997,2,Femmes,50 ans ou plus,6.9
1997-Q2,1997,2,Femmes,Ensemble,11.8
1997-Q2,1997,2,Femmes,Moins de 25 ans,28.8
1997-Q2,1997,2,Hommes,25 à 49 ans,9.0
1997-Q2,1997,2,Hommes,50 ans ou plus,6.4
1997-Q2,1997,2,Hommes,Ensemble,9.7
1997-Q2,1997,2,Hommes,Moins de 25 ans,19.8
1997-Q3,1997,3,Ensemble,25 à 49 ans,9.8
1997-Q3,1997,3,Ensemble,50 ans ou plus,6.7
1997-Q3,1997,3,Ensemble,Ensemble,10.6
1997-Q3,1997,3,Ensemble,Moins de 25 ans,23.4
1997-Q3,1997,3,Femmes,25 à 49 ans,10.7
1997-Q3,1997,3,Femmes,50 ans ou plus,6.9
1997-Q3,1997,3,Femmes,Ensemble,11.8
1997-Q3,1997,3,Femmes,Moins de 25 ans,28.3
1997-Q3,1997,3,Hommes,25 à 49 ans,9.0
1997-Q3,1997,3,Hommes,50 ans ou plus,6.4
1997-Q3,1997,3,Hommes,Ensemble,9.6
1997-Q3,1997,3,Hommes,Moins de 25 ans,19.4
1997-Q4,1997,4,Ensemble,25 à 49 ans,9.7
1997-Q4,1997,4,Ensemble,50 ans ou plus,6.7
1997-Q4,1997,4,Ensemble,Ensemble,10.5
1997-Q4,1997,4,Ensemble,Moins de 25 ans,22.9
1997-Q4,1997,4,Femmes,25 à 49 ans,10.7
1997-Q4,1997,4,Femmes,50 ans ou plus,6.9
1997-Q4,1997,4,Femmes,Ensemble,11.8
1997-Q4,1997,4,Femmes,Moins de 25 ans,27.7
1997-Q4,1997,4,Hommes,25 à 49 ans,8.8
1997-Q4,1997,4,Hommes,50 ans ou plus,6.5
1997-Q4,1997,4,Hommes,Ensemble,9.5
1997-Q4,1997,4,Hommes,Moins de 25 ans,18.9
1998-Q1,1998,1,Ensemble,25 à 49 ans,9.5
1998-Q1,1998,1,Ensemble,50 ans ou plus,6.7
1998-Q1,1998,1,Ensemble,Ensemble,10.3
1998-Q1,1998,1,Ensemble,Moins de 25 ans,22.1
1998-Q1,1998,1,Femmes,25 à 49 ans,10.6
1998-Q1,1998,1,Femmes,50 ans ou plus,7.0
1998-Q1,1998,1,Femmes,Ensemble,11.6
1998-Q1,1998,1,Femmes,Moins de 25 ans,26.6
1998-Q1,1998,1,Hommes,25 à 49 ans,8.5
1998-Q1,1998,1,Hommes,50 ans ou plus,6.5
1998-Q1,1998,1,Hommes,Ensemble,9.2
1998-Q1,1998,1,Hommes,Moins de 25 ans,18.4
1998-Q2,1998,2,Ensemble,25 à 49 ans,9.3
1998-Q2,1998,2,Ensemble,50 ans ou plus,6.8
1998-Q2,1998,2,Ensemble,Ensemble,10.2
1998-Q2,1998,2,Ensemble,Moins de 25 ans,21.9
1998-Q2,1998,2,Femmes,25 à 49 ans,10.5
1998-Q2,1998,2,Femmes,50 ans ou plus,7.0
1998-Q2,1998,2,Femmes,Ensemble,11.5
1998-Q2,1998,2,Femmes,Moins de 25 ans,26.2
1998-Q2,1998,2,Hommes,25 à 49 ans,8.3
1998-Q2,1998,2,Hommes,50 ans ou plus,6.6
1998-Q2,1998,2,Hommes,Ensemble,9.1
1998-Q2,1998,2,Hommes,Moins de 25 ans,18.3
1998-Q3,1998,3,Ensemble,25 à 49 ans,9.2
1998-Q3,1998,3,Ensemble,50 ans ou plus,6.8
1998-Q3,1998,3,Ensemble,Ensemble,10.1
1998-Q3,1998,3,Ensemble,Moins de 25 ans,22.1
1998-Q3,1998,3,Femmes,25 à 49 ans,10.5
1998-Q3,1998,3,Femmes,50 ans ou plus,7.0
1998-Q3,1998,3,Femmes,Ensemble,11.4
1998-Q3,1998,3,Femmes,Moins de 25 ans,26.2
1998-Q3,1998,3,Hommes,25 à 49 ans,8.2
1998-Q3,1998,3,Hommes,50 ans ou plus,6.7
1998-Q3,1998,3,Hommes,Ensemble,9.0
1998-Q3,1998,3,Hommes,Moins de 25 ans,18.9
1998-Q4,1998,4,Ensemble,25 à 49 ans,9.2
1998-Q4,1998,4,Ensemble,50 ans ou plus,6.8
1998-Q4,1998,4,Ensemble,Ensemble,10.2
1998-Q4,1998,4,Ensemble,Moins de 25 ans,22.5
1998-Q4,1998,4,Femmes,25 à 49 ans,10.5
1998-Q4,1998,4,Femmes,50 ans ou plus,7.0
1998-Q4,1998,4,Femmes,Ensemble,11.4
1998-Q4,1998,4,Femmes,Moins de 25 ans,26.3
1998-Q4,1998,4,Hommes,25 à 49 ans,8.2
1998-Q4,1998,4,Hommes,50 ans ou plus,6.7
1998-Q4,1998,4,Hommes,Ensemble,9.1
1998-Q4,1998,4,Hommes,Moins de 25 ans,19.5
1999-Q1,1999,1,Ensemble,25 à 49 ans,9.3
1999-Q1,1999,1,Ensemble,50 ans ou plus,6.8
1999-Q1,1999,1,Ensemble,Ensemble,10.2
1999-Q1,1999,1,Ensemble,Moins de 25 ans,23.0
1999-Q1,1999,1,Femmes,25 à 49 ans,10.5
1999-Q1,1999,1,Femmes,50 ans ou plus,6.9
1999-Q1,1999,1,Femmes,Ensemble,11.4
1999-Q1,1999,1,Femmes,Moins de 25 ans,26.7
1999-Q1,1999,1,Hommes,25 à 49 ans,8.2
1999-Q1,1999,1,Hommes,50 ans ou plus,6.7
1999-Q1,1999,1,Hommes,Ensemble,9.2
1999-Q1,1999,1,Hommes,Moins de 25 ans,20.2
1999-Q2,1999,2,Ensemble,25 à 49 ans,9.2
1999-Q2,1999,2,Ensemble,50 ans ou plus,6.8
1999-Q2,1999,2,Ensemble,Ensemble,10.2
1999-Q2,1999,2,Ensemble,Moins de 25 ans,22.8
1999-Q2,1999,2,Femmes,25 à 49 ans,10.4
1999-Q2,1999,2,Femmes,50 ans ou plus,6.9
1999-Q2,1999,2,Femmes,Ensemble,11.3
1999-Q2,1999,2,Femmes,Moins de 25 ans,26.4
1999-Q2,1999,2,Hommes,25 à 49 ans,8.2
1999-Q2,1999,2,Hommes,50 ans ou plus,6.6
1999-Q2,1999,2,Hommes,Ensemble,9.1
1999-Q2,1999,2,Hommes,Moins de 25 ans,19.9
1999-Q3,1999,3,Ensemble,25 à 49 ans,9.0
1999-Q3,1999,3,Ensemble,50 ans ou plus,6.6
1999-Q3,1999,3,Ensemble,Ensemble,9.9
1999-Q3,1999,3,Ensemble,Moins de 25 ans,21.7
1999-Q3,1999,3,Femmes,25 à 49 ans,10.2
1999-Q3,1999,3,Femmes,50 ans ou plus,6.8
1999-Q3,1999,3,Femmes,Ensemble,11.1
1999-Q3,1999,3,Femmes,Moins de 25 ans,25.4
1999-Q3,1999,3,Hommes,25 à 49 ans,7.9
1999-Q3,1999,3,Hommes,50 ans ou plus,6.4
1999-Q3,1999,3,Hommes,Ensemble,8.8
1999-Q3,1999,3,Hommes,Moins de 25 ans,18.9
1999-Q4,1999,4,Ensemble,25 à 49 ans,8.7
1999-Q4,1999,4,Ensemble,50 ans ou plus,6.3
1999-Q4,1999,4,Ensemble,Ensemble,9.5
1999-Q4,1999,4,Ensemble,Moins de 25 ans,20.4
1999-Q4,1999,4,Femmes,25 à 49 ans,9.9
1999-Q4,1999,4,Femmes,50 ans ou plus,6.6
1999-Q4,1999,4,Femmes,Ensemble,10.7
1999-Q4,1999,4,Femmes,Moins de 25 ans,23.9
1999-Q4,1999,4,Hommes,25 à 49 ans,7.6
1999-Q4,1999,4,Hommes,50 ans ou plus,6.1
1999-Q4,1999,4,Hommes,Ensemble,8.4
1999-Q4,1999,4,Hommes,Moins de 25 ans,17.5
2000-Q1,2000,1,Ensemble,25 à 49 ans,8.4
2000-Q1,2000,1,Ensemble,50 ans ou plus,6.1
2000-Q1,2000,1,Ensemble,Ensemble,9.1
2000-Q1,2000,1,Ensemble,Moins de 25 ans,19.0
2000-Q1,2000,1,Femmes,25 à 49 ans,9.6
2000-Q1,2000,1,Femmes,50 ans ou plus,6.4
2000-Q1,2000,1,Femmes,Ensemble,10.3
2000-Q1,2000,1,Femmes,Moins de 25 ans,22.4
2000-Q1,2000,1,Hommes,25 à 49 ans,7.3
2000-Q1,2000,1,Hommes,50 ans ou plus,5.8
2000-Q1,2000,1,Hommes,Ensemble,8.0
2000-Q1,2000,1,Hommes,Moins de 25 ans,16.2
2000-Q2,2000,2,Ensemble,25 à 49 ans,8.0
2000-Q2,2000,2,Ensemble,50 ans ou plus,5.8
2000-Q2,2000,2,Ensemble,Ensemble,8.7
2000-Q2,2000,2,Ensemble,Moins de 25 ans,18.0
2000-Q2,2000,2,Femmes,25 à 49 ans,9.3
2000-Q2,2000,2,Femmes,50 ans ou plus,6.2
2000-Q2,2000,2,Femmes,Ensemble,9.9
2000-Q2,2000,2,Femmes,Moins de 25 ans,21.3
2000-Q2,2000,2,Hommes,25 à 49 ans,6.9
2000-Q2,2000,2,Hommes,50 ans ou plus,5.5
2000-Q2,2000,2,Hommes,Ensemble,7.6
2000-Q2,2000,2,Hommes,Moins de 25 ans,15.4
2000-Q3,2000,3,Ensemble,25 à 49 ans,7.8
2000-Q3,2000,3,Ensemble,50 ans ou plus,5.5
2000-Q3,2000,3,Ensemble,Ensemble,8.4
2000-Q3,2000,3,Ensemble,Moins de 25 ans,17.4
2000-Q3,2000,3,Femmes,25 à 49 ans,9.1
2000-Q3,2000,3,Femmes,50 ans ou plus,6.0
2000-Q3,2000,3,Femmes,Ensemble,9.6
2000-Q3,2000,3,Femmes,Moins de 25 ans,20.5
2000-Q3,2000,3,Hommes,25 à 49 ans,6.6
2000-Q3,2000,3,Hommes,50 ans ou plus,5.1
2000-Q3,2000,3,Hommes,Ensemble,7.2
2000-Q3,2000,3,Hommes,Moins de 25 ans,14.8
2000-Q4,2000,4,Ensemble,25 à 49 ans,7.5
2000-Q4,2000,4,Ensemble,50 ans ou plus,5.2
2000-Q4,2000,4,Ensemble,Ensemble,8.0
2000-Q4,2000,4,Ensemble,Moins de 25 ans,16.9
2000-Q4,2000,4,Femmes,25 à 49 ans,8.8
2000-Q4,2000,4,Femmes,50 ans ou plus,5.7
2000-Q4,2000,4,Femmes,Ensemble,9.4
2000-Q4,2000,4,Femmes,Moins de 25 ans,20.1
2000-Q4,2000,4,Hommes,25 à 49 ans,6.3
2000-Q4,2000,4,Hommes,50 ans ou plus,4.7
2000-Q4,2000,4,Hommes,Ensemble,6.9
2000-Q4,2000,4,Hommes,Moins de 25 ans,14.4
2001-Q1,2001,1,Ensemble,25 à 49 ans,7.3
2001-Q1,2001,1,Ensemble,50 ans ou plus,4.9
2001-Q1,2001,1,Ensemble,Ensemble,7.8
2001-Q1,2001,1,Ensemble,Moins de 25 ans,16.8
2001-Q1,2001,1,Femmes,25 à 49 ans,8.7
2001-Q1,2001,1,Femmes,50 ans ou plus,5.5
2001-Q1,2001,1,Femmes,Ensemble,9.2
2001-Q1,2001,1,Femmes,Moins de 25 ans,20.0
2001-Q1,2001,1,Hommes,25 à 49 ans,6.0
2001-Q1,2001,1,Hommes,50 ans ou plus,4.4
2001-Q1,2001,1,Hommes,Ensemble,6.6
2001-Q1,2001,1,Hommes,Moins de 25 ans,14.2
2001-Q2,2001,2,Ensemble,25 à 49 ans,7.2
2001-Q2,2001,2,Ensemble,50 ans ou plus,4.9
2001-Q2,2001,2,Ensemble,Ensemble,7.7
2001-Q2,2001,2,Ensemble,Moins de 25 ans,16.7
2001-Q2,2001,2,Femmes,25 à 49 ans,8.5
2001-Q2,2001,2,Femmes,50 ans ou plus,5.5
2001-Q2,2001,2,Femmes,Ensemble,9.1
2001-Q2,2001,2,Femmes,Moins de 25 ans,19.8
2001-Q2,2001,2,Hommes,25 à 49 ans,6.0
2001-Q2,2001,2,Hommes,50 ans ou plus,4.3
2001-Q2,2001,2,Hommes,Ensemble,6.5
2001-Q2,2001,2,Hommes,Moins de 25 ans,14.2
2001-Q3,2001,3,Ensemble,25 à 49 ans,7.2
2001-Q3,2001,3,Ensemble,50 ans ou plus,4.9
2001-Q3,2001,3,Ensemble,Ensemble,7.7
2001-Q3,2001,3,Ensemble,Moins de 25 ans,17.0
2001-Q3,2001,3,Femmes,25 à 49 ans,8.4
2001-Q3,2001,3,Femmes,50 ans ou plus,5.5
2001-Q3,2001,3,Femmes,Ensemble,8.9
2001-Q3,2001,3,Femmes,Moins de 25 ans,19.6
2001-Q3,2001,3,Hommes,25 à 49 ans,6.1
2001-Q3,2001,3,Hommes,50 ans ou plus,4.4
2001-Q3,2001,3,Hommes,Ensemble,6.7
2001-Q3,2001,3,Hommes,Moins de 25 ans,14.8
2001-Q4,2001,4,Ensemble,25 à 49 ans,7.2
2001-Q4,2001,4,Ensemble,50 ans ou plus,4.8
2001-Q4,2001,4,Ensemble,Ensemble,7.8
2001-Q4,2001,4,Ensemble,Moins de 25 ans,17.3
2001-Q4,2001,4,Femmes,25 à 49 ans,8.2
2001-Q4,2001,4,Femmes,50 ans ou plus,5.2
2001-Q4,2001,4,Femmes,Ensemble,8.8
2001-Q4,2001,4,Femmes,Moins de 25 ans,19.9
2001-Q4,2001,4,Hommes,25 à 49 ans,6.3
2001-Q4,2001,4,Hommes,50 ans ou plus,4.5
2001-Q4,2001,4,Hommes,Ensemble,6.9
2001-Q4,2001,4,Hommes,Moins de 25 ans,15.3
2002-Q1,2002,1,Ensemble,25 à 49 ans,7.2
2002-Q1,2002,1,Ensemble,50 ans ou plus,4.9
2002-Q1,2002,1,Ensemble,Ensemble,7.8
2002-Q1,2002,1,Ensemble,Moins de 25 ans,17.5
2002-Q1,2002,1,Femmes,25 à 49 ans,8.0
2002-Q1,2002,1,Femmes,50 ans ou plus,5.2
2002-Q1,2002,1,Femmes,Ensemble,8.7
2002-Q1,2002,1,Femmes,Moins de 25 ans,20.0
2002-Q1,2002,1,Hommes,25 à 49 ans,6.5
2002-Q1,2002,1,Hommes,50 ans ou plus,4.6
2002-Q1,2002,1,Hommes,Ensemble,7.1
2002-Q1,2002,1,Hommes,Moins de 25 ans,15.6
2002-Q2,2002,2,Ensemble,25 à 49 ans,7.2
2002-Q2,2002,2,Ensemble,50 ans ou plus,5.1
2002-Q2,2002,2,Ensemble,Ensemble,7.9
2002-Q2,2002,2,Ensemble,Moins de 25 ans,17.6
2002-Q2,2002,2,Femmes,25 à 49 ans,8.0
2002-Q2,2002,2,Femmes,50 ans ou plus,5.4
2002-Q2,2002,2,Femmes,Ensemble,8.6
2002-Q2,2002,2,Femmes,Moins de 25 ans,19.7
2002-Q2,2002,2,Hommes,25 à 49 ans,6.6
2002-Q2,2002,2,Hommes,50 ans ou plus,4.8
2002-Q2,2002,2,Hommes,Ensemble,7.2
2002-Q2,2002,2,Hommes,Moins de 25 ans,15.9
2002-Q3,2002,3,Ensemble,25 à 49 ans,7.2
2002-Q3,2002,3,Ensemble,50 ans ou plus,5.1
2002-Q3,2002,3,Ensemble,Ensemble,7.9
2002-Q3,2002,3,Ensemble,Moins de 25 ans,17.8
2002-Q3,2002,3,Femmes,25 à 49 ans,8.1
2002-Q3,2002,3,Femmes,50 ans ou plus,5.4
2002-Q3,2002,3,Femmes,Ensemble,8.7
2002-Q3,2002,3,Femmes,Moins de 25 ans,19.4
2002-Q3,2002,3,Hommes,25 à 49 ans,6.4
2002-Q3,2002,3,Hommes,50 ans ou plus,4.9
2002-Q3,2002,3,Hommes,Ensemble,7.2
2002-Q3,2002,3,Hommes,Moins de 25 ans,16.6
2002-Q4,2002,4,Ensemble,25 à 49 ans,7.2
2002-Q4,2002,4,Ensemble,50 ans ou plus,5.0
2002-Q4,2002,4,Ensemble,Ensemble,7.9
2002-Q4,2002,4,Ensemble,Moins de 25 ans,18.3
2002-Q4,2002,4,Femmes,25 à 49 ans,8.1
2002-Q4,2002,4,Femmes,50 ans ou plus,5.2
2002-Q4,2002,4,Femmes,Ensemble,8.7
2002-Q4,2002,4,Femmes,Moins de 25 ans,20.1
2002-Q4,2002,4,Hommes,25 à 49 ans,6.4
2002-Q4,2002,4,Hommes,50 ans ou plus,4.9
2002-Q4,2002,4,Hommes,Ensemble,7.3
2002-Q4,2002,4,Hommes,Moins de 25 ans,16.9
2003-Q1,2003,1,Ensemble,25 à 49 ans,7.8
2003-Q1,2003,1,Ensemble,50 ans ou plus,4.8
2003-Q1,2003,1,Ensemble,Ensemble,8.4
2003-Q1,2003,1,Ensemble,Moins de 25 ans,19.1
2003-Q1,2003,1,Femmes,25 à 49 ans,8.6
2003-Q1,2003,1,Femmes,50 ans ou plus,4.8
2003-Q1,2003,1,Femmes,Ensemble,9.3
2003-Q1,2003,1,Femmes,Moins de 25 ans,22.8
2003-Q1,2003,1,Hommes,25 à 49 ans,7.0
2003-Q1,2003,1,Hommes,50 ans ou plus,4.9
2003-Q1,2003,1,Hommes,Ensemble,7.6
2003-Q1,2003,1,Hommes,Moins de 25 ans,16.0
2003-Q2,2003,2,Ensemble,25 à 49 ans,7.8
2003-Q2,2003,2,Ensemble,50 ans ou plus,5.1
2003-Q2,2003,2,Ensemble,Ensemble,8.5
2003-Q2,2003,2,Ensemble,Moins de 25 ans,20.3
2003-Q2,2003,2,Femmes,25 à 49 ans,8.6
2003-Q2,2003,2,Femmes,50 ans ou plus,5.5
2003-Q2,2003,2,Femmes,Ensemble,9.4
2003-Q2,2003,2,Femmes,Moins de 25 ans,23.3
2003-Q2,2003,2,Hommes,25 à 49 ans,7.0
2003-Q2,2003,2,Hommes,50 ans ou plus,4.7
2003-Q2,2003,2,Hommes,Ensemble,7.7
2003-Q2,2003,2,Hommes,Moins de 25 ans,17.8
2003-Q3,2003,3,Ensemble,25 à 49 ans,7.6
2003-Q3,2003,3,Ensemble,50 ans ou plus,5.3
2003-Q3,2003,3,Ensemble,Ensemble,8.4
2003-Q3,2003,3,Ensemble,Moins de 25 ans,19.7
2003-Q3,2003,3,Femmes,25 à 49 ans,8.4
2003-Q3,2003,3,Femmes,50 ans ou plus,5.5
2003-Q3,2003,3,Femmes,Ensemble,9.1
2003-Q3,2003,3,Femmes,Moins de 25 ans,21.4
2003-Q3,2003,3,Hommes,25 à 49 ans,6.9
2003-Q3,2003,3,Hommes,50 ans ou plus,5.2
2003-Q3,2003,3,Hommes,Ensemble,7.8
2003-Q3,2003,3,Hommes,Moins de 25 ans,18.4
2003-Q4,2003,4,Ensemble,25 à 49 ans,7.9
2003-Q4,2003,4,Ensemble,50 ans ou plus,5.5
2003-Q4,2003,4,Ensemble,Ensemble,8.8
2003-Q4,2003,4,Ensemble,Moins de 25 ans,21.1
2003-Q4,2003,4,Femmes,25 à 49 ans,8.6
2003-Q4,2003,4,Femmes,50 ans ou plus,5.9
2003-Q4,2003,4,Femmes,Ensemble,9.5
2003-Q4,2003,4,Femmes,Moins de 25 ans,23.3
2003-Q4,2003,4,Hommes,25 à 49 ans,7.3
2003-Q4,2003,4,Hommes,50 ans ou plus,5.1
2003-Q4,2003,4,Hommes,Ensemble,8.2
2003-Q4,2003,4,Hommes,Moins de 25 ans,19.3
2004-Q1,2004,1,Ensemble,25 à 49 ans,8.0
2004-Q1,2004,1,Ensemble,50 ans ou plus,5.7
2004-Q1,2004,1,Ensemble,Ensemble,9.0
2004-Q1,2004,1,Ensemble,Moins de 25 ans,21.6
2004-Q1,2004,1,Femmes,25 à 49 ans,8.9
2004-Q1,2004,1,Femmes,50 ans ou plus,6.6
2004-Q1,2004,1,Femmes,Ensemble,10.0
2004-Q1,2004,1,Femmes,Moins de 25 ans,24.4
2004-Q1,2004,1,Hommes,25 à 49 ans,7.3
2004-Q1,2004,1,Hommes,50 ans ou plus,5.0
2004-Q1,2004,1,Hommes,Ensemble,8.1
2004-Q1,2004,1,Hommes,Moins de 25 ans,19.2
2004-Q2,2004,2,Ensemble,25 à 49 ans,7.9
2004-Q2,2004,2,Ensemble,50 ans ou plus,5.4
2004-Q2,2004,2,Ensemble,Ensemble,8.8
2004-Q2,2004,2,Ensemble,Moins de 25 ans,21.5
2004-Q2,2004,2,Femmes,25 à 49 ans,8.6
2004-Q2,2004,2,Femmes,50 ans ou plus,5.3
2004-Q2,2004,2,Femmes,Ensemble,9.5
2004-Q2,2004,2,Femmes,Moins de 25 ans,24.6
2004-Q2,2004,2,Hommes,25 à 49 ans,7.1
2004-Q2,2004,2,Hommes,50 ans ou plus,5.5
2004-Q2,2004,2,Hommes,Ensemble,8.1
2004-Q2,2004,2,Hommes,Moins de 25 ans,19.0
2004-Q3,2004,3,Ensemble,25 à 49 ans,8.0
2004-Q3,2004,3,Ensemble,50 ans ou plus,5.1
2004-Q3,2004,3,Ensemble,Ensemble,8.8
2004-Q3,2004,3,Ensemble,Moins de 25 ans,22.0
2004-Q3,2004,3,Femmes,25 à 49 ans,8.7
2004-Q3,2004,3,Femmes,50 ans ou plus,5.3
2004-Q3,2004,3,Femmes,Ensemble,9.6
2004-Q3,2004,3,Femmes,Moins de 25 ans,24.9
2004-Q3,2004,3,Hommes,25 à 49 ans,7.3
2004-Q3,2004,3,Hommes,50 ans ou plus,4.9
2004-Q3,2004,3,Hommes,Ensemble,8.2
2004-Q3,2004,3,Hommes,Moins de 25 ans,19.5
2004-Q4,2004,4,Ensemble,25 à 49 ans,8.1
2004-Q4,2004,4,Ensemble,50 ans ou plus,5.2
2004-Q4,2004,4,Ensemble,Ensemble,8.9
2004-Q4,2004,4,Ensemble,Moins de 25 ans,21.8
2004-Q4,2004,4,Femmes,25 à 49 ans,8.6
2004-Q4,2004,4,Femmes,50 ans ou plus,5.6
2004-Q4,2004,4,Femmes,Ensemble,9.5
2004-Q4,2004,4,Femmes,Moins de 25 ans,24.8
2004-Q4,2004,4,Hommes,25 à 49 ans,7.7
2004-Q4,2004,4,Hommes,50 ans ou plus,4.7
2004-Q4,2004,4,Hommes,Ensemble,8.4
2004-Q4,2004,4,Hommes,Moins de 25 ans,19.4
2005-Q1,2005,1,Ensemble,25 à 49 ans,7.9
2005-Q1,2005,1,Ensemble,50 ans ou plus,5.0
2005-Q1,2005,1,Ensemble,Ensemble,8.6
2005-Q1,2005,1,Ensemble,Moins de 25 ans,21.5
2005-Q1,2005,1,Femmes,25 à 49 ans,8.4
2005-Q1,2005,1,Femmes,50 ans ou plus,5.4
2005-Q1,2005,1,Femmes,Ensemble,9.2
2005-Q1,2005,1,Femmes,Moins de 25 ans,24.1
2005-Q1,2005,1,Hommes,25 à 49 ans,7.4
2005-Q1,2005,1,Hommes,50 ans ou plus,4.6
2005-Q1,2005,1,Hommes,Ensemble,8.1
2005-Q1,2005,1,Hommes,Moins de 25 ans,19.4
2005-Q2,2005,2,Ensemble,25 à 49 ans,8.1
2005-Q2,2005,2,Ensemble,50 ans ou plus,4.8
2005-Q2,2005,2,Ensemble,Ensemble,8.8
2005-Q2,2005,2,Ensemble,Moins de 25 ans,21.5
2005-Q2,2005,2,Femmes,25 à 49 ans,8.7
2005-Q2,2005,2,Femmes,50 ans ou plus,5.0
2005-Q2,2005,2,Femmes,Ensemble,9.5
2005-Q2,2005,2,Femmes,Moins de 25 ans,24.6
2005-Q2,2005,2,Hommes,25 à 49 ans,7.6
2005-Q2,2005,2,Hommes,50 ans ou plus,4.6
2005-Q2,2005,2,Hommes,Ensemble,8.2
2005-Q2,2005,2,Hommes,Moins de 25 ans,19.0
2005-Q3,2005,3,Ensemble,25 à 49 ans,8.0
2005-Q3,2005,3,Ensemble,50 ans ou plus,5.2
2005-Q3,2005,3,Ensemble,Ensemble,9.0
2005-Q3,2005,3,Ensemble,Moins de 25 ans,23.2
2005-Q3,2005,3,Femmes,25 à 49 ans,8.7
2005-Q3,2005,3,Femmes,50 ans ou plus,5.6
2005-Q3,2005,3,Femmes,Ensemble,9.9
2005-Q3,2005,3,Femmes,Moins de 25 ans,27.2
2005-Q3,2005,3,Hommes,25 à 49 ans,7.4
2005-Q3,2005,3,Hommes,50 ans ou plus,4.9
2005-Q3,2005,3,Hommes,Ensemble,8.2
2005-Q3,2005,3,Hommes,Moins de 25 ans,19.8
2005-Q4,2005,4,Ensemble,25 à 49 ans,8.2
2005-Q4,2005,4,Ensemble,50 ans ou plus,5.4
2005-Q4,2005,4,Ensemble,Ensemble,9.1
2005-Q4,2005,4,Ensemble,Moins de 25 ans,22.9
2005-Q4,2005,4,Femmes,25 à 49 ans,9.0
2005-Q4,2005,4,Femmes,50 ans ou plus,5.4
2005-Q4,2005,4,Femmes,Ensemble,10.0
2005-Q4,2005,4,Femmes,Moins de 25 ans,26.9
2005-Q4,2005,4,Hommes,25 à 49 ans,7.4
2005-Q4,2005,4,Hommes,50 ans ou plus,5.4
2005-Q4,2005,4,Hommes,Ensemble,8.3
2005-Q4,2005,4,Hommes,Moins de 25 ans,19.6
2006-Q1,2006,1,Ensemble,25 à 49 ans,8.1
2006-Q1,2006,1,Ensemble,50 ans ou plus,5.3
2006-Q1,2006,1,Ensemble,Ensemble,9.2
2006-Q1,2006,1,Ensemble,Moins de 25 ans,24.1
2006-Q1,2006,1,Femmes,25 à 49 ans,8.9
2006-Q1,2006,1,Femmes,50 ans ou plus,5.3
2006-Q1,2006,1,Femmes,Ensemble,10.0
2006-Q1,2006,1,Femmes,Moins de 25 ans,27.6
2006-Q1,2006,1,Hommes,25 à 49 ans,7.4
2006-Q1,2006,1,Hommes,50 ans ou plus,5.3
2006-Q1,2006,1,Hommes,Ensemble,8.4
2006-Q1,2006,1,Hommes,Moins de 25 ans,21.1
2006-Q2,2006,2,Ensemble,25 à 49 ans,7.8
2006-Q2,2006,2,Ensemble,50 ans ou plus,5.5
2006-Q2,2006,2,Ensemble,Ensemble,9.0
2006-Q2,2006,2,Ensemble,Moins de 25 ans,23.7
2006-Q2,2006,2,Femmes,25 à 49 ans,8.2
2006-Q2,2006,2,Femmes,50 ans ou plus,5.8
2006-Q2,2006,2,Femmes,Ensemble,9.6
2006-Q2,2006,2,Femmes,Moins de 25 ans,27.4
2006-Q2,2006,2,Hommes,25 à 49 ans,7.4
2006-Q2,2006,2,Hommes,50 ans ou plus,5.2
2006-Q2,2006,2,Hommes,Ensemble,8.4
2006-Q2,2006,2,Hommes,Moins de 25 ans,20.8
2006-Q3,2006,3,Ensemble,25 à 49 ans,7.9
2006-Q3,2006,3,Ensemble,50 ans ou plus,5.2
2006-Q3,2006,3,Ensemble,Ensemble,8.9
2006-Q3,2006,3,Ensemble,Moins de 25 ans,23.5
2006-Q3,2006,3,Femmes,25 à 49 ans,8.5
2006-Q3,2006,3,Femmes,50 ans ou plus,5.4
2006-Q3,2006,3,Femmes,Ensemble,9.8
2006-Q3,2006,3,Femmes,Moins de 25 ans,28.9
2006-Q3,2006,3,Hommes,25 à 49 ans,7.3
2006-Q3,2006,3,Hommes,50 ans ou plus,5.0
2006-Q3,2006,3,Hommes,Ensemble,8.1
2006-Q3,2006,3,Hommes,Moins de 25 ans,19.0
2006-Q4,2006,4,Ensemble,25 à 49 ans,7.3
2006-Q4,2006,4,Ensemble,50 ans ou plus,5.0
2006-Q4,2006,4,Ensemble,Ensemble,8.4
2006-Q4,2006,4,Ensemble,Moins de 25 ans,22.8
2006-Q4,2006,4,Femmes,25 à 49 ans,7.6
2006-Q4,2006,4,Femmes,50 ans ou plus,4.8
2006-Q4,2006,4,Femmes,Ensemble,8.6
2006-Q4,2006,4,Femmes,Moins de 25 ans,25.0
2006-Q4,2006,4,Hommes,25 à 49 ans,7.1
2006-Q4,2006,4,Hommes,50 ans ou plus,5.2
2006-Q4,2006,4,Hommes,Ensemble,8.2
2006-Q4,2006,4,Hommes,Moins de 25 ans,21.0
2007-Q1,2007,1,Ensemble,25 à 49 ans,7.4
2007-Q1,2007,1,Ensemble,50 ans ou plus,5.3
2007-Q1,2007,1,Ensemble,Ensemble,8.5
2007-Q1,2007,1,Ensemble,Moins de 25 ans,22.5
2007-Q1,2007,1,Femmes,25 à 49 ans,7.7
2007-Q1,2007,1,Femmes,50 ans ou plus,5.3
2007-Q1,2007,1,Femmes,Ensemble,9.0
2007-Q1,2007,1,Femmes,Moins de 25 ans,26.4
2007-Q1,2007,1,Hommes,25 à 49 ans,7.1
2007-Q1,2007,1,Hommes,50 ans ou plus,5.2
2007-Q1,2007,1,Hommes,Ensemble,8.0
2007-Q1,2007,1,Hommes,Moins de 25 ans,19.2
2007-Q2,2007,2,Ensemble,25 à 49 ans,7.3
2007-Q2,2007,2,Ensemble,50 ans ou plus,4.7
2007-Q2,2007,2,Ensemble,Ensemble,8.1
2007-Q2,2007,2,Ensemble,Moins de 25 ans,21.2
2007-Q2,2007,2,Femmes,25 à 49 ans,7.6
2007-Q2,2007,2,Femmes,50 ans ou plus,4.9
2007-Q2,2007,2,Femmes,Ensemble,8.6
2007-Q2,2007,2,Femmes,Moins de 25 ans,24.0
2007-Q2,2007,2,Hommes,25 à 49 ans,7.0
2007-Q2,2007,2,Hommes,50 ans ou plus,4.6
2007-Q2,2007,2,Hommes,Ensemble,7.7
2007-Q2,2007,2,Hommes,Moins de 25 ans,18.8
2007-Q3,2007,3,Ensemble,25 à 49 ans,7.3
2007-Q3,2007,3,Ensemble,50 ans ou plus,4.6
2007-Q3,2007,3,Ensemble,Ensemble,8.0
2007-Q3,2007,3,Ensemble,Moins de 25 ans,19.9
2007-Q3,2007,3,Femmes,25 à 49 ans,7.6
2007-Q3,2007,3,Femmes,50 ans ou plus,4.5
2007-Q3,2007,3,Femmes,Ensemble,8.2
2007-Q3,2007,3,Femmes,Moins de 25 ans,22.0
2007-Q3,2007,3,Hommes,25 à 49 ans,7.0
2007-Q3,2007,3,Hommes,50 ans ou plus,4.7
2007-Q3,2007,3,Hommes,Ensemble,7.7
2007-Q3,2007,3,Hommes,Moins de 25 ans,18.2
2007-Q4,2007,4,Ensemble,25 à 49 ans,6.7
2007-Q4,2007,4,Ensemble,50 ans ou plus,4.2
2007-Q4,2007,4,Ensemble,Ensemble,7.5
2007-Q4,2007,4,Ensemble,Moins de 25 ans,19.9
2007-Q4,2007,4,Femmes,25 à 49 ans,6.9
2007-Q4,2007,4,Femmes,50 ans ou plus,4.3
2007-Q4,2007,4,Femmes,Ensemble,7.8
2007-Q4,2007,4,Femmes,Moins de 25 ans,22.7
2007-Q4,2007,4,Hommes,25 à 49 ans,6.5
2007-Q4,2007,4,Hommes,50 ans ou plus,4.2
2007-Q4,2007,4,Hommes,Ensemble,7.2
2007-Q4,2007,4,Hommes,Moins de 25 ans,17.6
2008-Q1,2008,1,Ensemble,25 à 49 ans,6.4
2008-Q1,2008,1,Ensemble,50 ans ou plus,4.1
2008-Q1,2008,1,Ensemble,Ensemble,7.2
2008-Q1,2008,1,Ensemble,Moins de 25 ans,18.9
2008-Q1,2008,1,Femmes,25 à 49 ans,6.6
2008-Q1,2008,1,Femmes,50 ans ou plus,4.0
2008-Q1,2008,1,Femmes,Ensemble,7.5
2008-Q1,2008,1,Femmes,Moins de 25 ans,21.4
2008-Q1,2008,1,Hommes,25 à 49 ans,6.2
2008-Q1,2008,1,Hommes,50 ans ou plus,4.3
2008-Q1,2008,1,Hommes,Ensemble,6.9
2008-Q1,2008,1,Hommes,Moins de 25 ans,16.7
2008-Q2,2008,2,Ensemble,25 à 49 ans,6.3
2008-Q2,2008,2,Ensemble,50 ans ou plus,4.7
2008-Q2,2008,2,Ensemble,Ensemble,7.3
2008-Q2,2008,2,Ensemble,Moins de 25 ans,19.6
2008-Q2,2008,2,Femmes,25 à 49 ans,6.8
2008-Q2,2008,2,Femmes,50 ans ou plus,4.4
2008-Q2,2008,2,Femmes,Ensemble,7.7
2008-Q2,2008,2,Femmes,Moins de 25 ans,21.9
2008-Q2,2008,2,Hommes,25 à 49 ans,5.9
2008-Q2,2008,2,Hommes,50 ans ou plus,4.9
2008-Q2,2008,2,Hommes,Ensemble,6.9
2008-Q2,2008,2,Hommes,Moins de 25 ans,17.8
2008-Q3,2008,3,Ensemble,25 à 49 ans,6.5
2008-Q3,2008,3,Ensemble,50 ans ou plus,4.5
2008-Q3,2008,3,Ensemble,Ensemble,7.4
2008-Q3,2008,3,Ensemble,Moins de 25 ans,20.4
2008-Q3,2008,3,Femmes,25 à 49 ans,6.9
2008-Q3,2008,3,Femmes,50 ans ou plus,4.5
2008-Q3,2008,3,Femmes,Ensemble,7.8
2008-Q3,2008,3,Femmes,Moins de 25 ans,22.1
2008-Q3,2008,3,Hommes,25 à 49 ans,6.1
2008-Q3,2008,3,Hommes,50 ans ou plus,4.4
2008-Q3,2008,3,Hommes,Ensemble,7.1
2008-Q3,2008,3,Hommes,Moins de 25 ans,19.0
2008-Q4,2008,4,Ensemble,25 à 49 ans,6.8
2008-Q4,2008,4,Ensemble,50 ans ou plus,4.3
2008-Q4,2008,4,Ensemble,Ensemble,7.8
2008-Q4,2008,4,Ensemble,Moins de 25 ans,21.8
2008-Q4,2008,4,Femmes,25 à 49 ans,7.3
2008-Q4,2008,4,Femmes,50 ans ou plus,4.4
2008-Q4,2008,4,Femmes,Ensemble,8.2
2008-Q4,2008,4,Femmes,Moins de 25 ans,23.8
2008-Q4,2008,4,Hommes,25 à 49 ans,6.4
2008-Q4,2008,4,Hommes,50 ans ou plus,4.3
2008-Q4,2008,4,Hommes,Ensemble,7.4
2008-Q4,2008,4,Hommes,Moins de 25 ans,20.2
2009-Q1,2009,1,Ensemble,25 à 49 ans,7.4
2009-Q1,2009,1,Ensemble,50 ans ou plus,4.8
2009-Q1,2009,1,Ensemble,Ensemble,8.6
2009-Q1,2009,1,Ensemble,Moins de 25 ans,24.1
2009-Q1,2009,1,Femmes,25 à 49 ans,7.7
2009-Q1,2009,1,Femmes,50 ans ou plus,4.8
2009-Q1,2009,1,Femmes,Ensemble,8.8
2009-Q1,2009,1,Femmes,Moins de 25 ans,25.9
2009-Q1,2009,1,Hommes,25 à 49 ans,7.2
2009-Q1,2009,1,Hommes,50 ans ou plus,4.8
2009-Q1,2009,1,Hommes,Ensemble,8.4
2009-Q1,2009,1,Hommes,Moins de 25 ans,22.6
2009-Q2,2009,2,Ensemble,25 à 49 ans,8.0
2009-Q2,2009,2,Ensemble,50 ans ou plus,5.3
2009-Q2,2009,2,Ensemble,Ensemble,9.2
2009-Q2,2009,2,Ensemble,Moins de 25 ans,25.2
2009-Q2,2009,2,Femmes,25 à 49 ans,8.1
2009-Q2,2009,2,Femmes,50 ans ou plus,5.5
2009-Q2,2009,2,Femmes,Ensemble,9.3
2009-Q2,2009,2,Femmes,Moins de 25 ans,26.6
2009-Q2,2009,2,Hommes,25 à 49 ans,7.9
2009-Q2,2009,2,Hommes,50 ans ou plus,5.1
2009-Q2,2009,2,Hommes,Ensemble,9.0
2009-Q2,2009,2,Hommes,Moins de 25 ans,24.0
2009-Q3,2009,3,Ensemble,25 à 49 ans,8.0
2009-Q3,2009,3,Ensemble,50 ans ou plus,5.3
2009-Q3,2009,3,Ensemble,Ensemble,9.2
2009-Q3,2009,3,Ensemble,Moins de 25 ans,25.5
2009-Q3,2009,3,Femmes,25 à 49 ans,8.3
2009-Q3,2009,3,Femmes,50 ans ou plus,5.1
2009-Q3,2009,3,Femmes,Ensemble,9.4
2009-Q3,2009,3,Femmes,Moins de 25 ans,26.9
2009-Q3,2009,3,Hommes,25 à 49 ans,7.8
2009-Q3,2009,3,Hommes,50 ans ou plus,5.5
2009-Q3,2009,3,Hommes,Ensemble,9.0
2009-Q3,2009,3,Hommes,Moins de 25 ans,24.2
2009-Q4,2009,4,Ensemble,25 à 49 ans,8.5
2009-Q4,2009,4,Ensemble,50 ans ou plus,5.8
2009-Q4,2009,4,Ensemble,Ensemble,9.6
2009-Q4,2009,4,Ensemble,Moins de 25 ans,25.3
2009-Q4,2009,4,Femmes,25 à 49 ans,8.3
2009-Q4,2009,4,Femmes,50 ans ou plus,5.9
2009-Q4,2009,4,Femmes,Ensemble,9.4
2009-Q4,2009,4,Femmes,Moins de 25 ans,26.4
2009-Q4,2009,4,Hommes,25 à 49 ans,8.7
2009-Q4,2009,4,Hommes,50 ans ou plus,5.8
2009-Q4,2009,4,Hommes,Ensemble,9.7
2009-Q4,2009,4,Hommes,Moins de 25 ans,24.4
2010-Q1,2010,1,Ensemble,25 à 49 ans,8.3
2010-Q1,2010,1,Ensemble,50 ans ou plus,5.7
2010-Q1,2010,1,Ensemble,Ensemble,9.3
2010-Q1,2010,1,Ensemble,Moins de 25 ans,24.6
2010-Q1,2010,1,Femmes,25 à 49 ans,8.3
2010-Q1,2010,1,Femmes,50 ans ou plus,5.8
2010-Q1,2010,1,Femmes,Ensemble,9.4
2010-Q1,2010,1,Femmes,Moins de 25 ans,25.9
2010-Q1,2010,1,Hommes,25 à 49 ans,8.3
2010-Q1,2010,1,Hommes,50 ans ou plus,5.7
2010-Q1,2010,1,Hommes,Ensemble,9.3
2010-Q1,2010,1,Hommes,Moins de 25 ans,23.5
2010-Q2,2010,2,Ensemble,25 à 49 ans,8.2
2010-Q2,2010,2,Ensemble,50 ans ou plus,5.5
2010-Q2,2010,2,Ensemble,Ensemble,9.3
2010-Q2,2010,2,Ensemble,Moins de 25 ans,24.9
2010-Q2,2010,2,Femmes,25 à 49 ans,8.0
2010-Q2,2010,2,Femmes,50 ans ou plus,5.5
2010-Q2,2010,2,Femmes,Ensemble,9.4
2010-Q2,2010,2,Femmes,Moins de 25 ans,28.7
2010-Q2,2010,2,Hommes,25 à 49 ans,8.4
2010-Q2,2010,2,Hommes,50 ans ou plus,5.5
2010-Q2,2010,2,Hommes,Ensemble,9.1
2010-Q2,2010,2,Hommes,Moins de 25 ans,21.7
2010-Q3,2010,3,Ensemble,25 à 49 ans,8.1
2010-Q3,2010,3,Ensemble,50 ans ou plus,5.5
2010-Q3,2010,3,Ensemble,Ensemble,9.2
2010-Q3,2010,3,Ensemble,Moins de 25 ans,25.5
2010-Q3,2010,3,Femmes,25 à 49 ans,8.1
2010-Q3,2010,3,Femmes,50 ans ou plus,5.6
2010-Q3,2010,3,Femmes,Ensemble,9.4
2010-Q3,2010,3,Femmes,Moins de 25 ans,28.4
2010-Q3,2010,3,Hommes,25 à 49 ans,8.1
2010-Q3,2010,3,Hommes,50 ans ou plus,5.5
2010-Q3,2010,3,Hommes,Ensemble,9.1
2010-Q3,2010,3,Hommes,Moins de 25 ans,23.1
2010-Q4,2010,4,Ensemble,25 à 49 ans,8.4
2010-Q4,2010,4,Ensemble,50 ans ou plus,5.6
2010-Q4,2010,4,Ensemble,Ensemble,9.2
2010-Q4,2010,4,Ensemble,Moins de 25 ans,23.8
2010-Q4,2010,4,Femmes,25 à 49 ans,8.6
2010-Q4,2010,4,Femmes,50 ans ou plus,5.8
2010-Q4,2010,4,Femmes,Ensemble,9.8
2010-Q4,2010,4,Femmes,Moins de 25 ans,28.1
2010-Q4,2010,4,Hommes,25 à 49 ans,8.1
2010-Q4,2010,4,Hommes,50 ans ou plus,5.4
2010-Q4,2010,4,Hommes,Ensemble,8.8
2010-Q4,2010,4,Hommes,Moins de 25 ans,20.4
2011-Q1,2011,1,Ensemble,25 à 49 ans,8.1
2011-Q1,2011,1,Ensemble,50 ans ou plus,5.5
2011-Q1,2011,1,Ensemble,Ensemble,9.1
2011-Q1,2011,1,Ensemble,Moins de 25 ans,24.8
2011-Q1,2011,1,Femmes,25 à 49 ans,8.4
2011-Q1,2011,1,Femmes,50 ans ou plus,5.8
2011-Q1,2011,1,Femmes,Ensemble,9.7
2011-Q1,2011,1,Femmes,Moins de 25 ans,29.2
2011-Q1,2011,1,Hommes,25 à 49 ans,7.9
2011-Q1,2011,1,Hommes,50 ans ou plus,5.2
2011-Q1,2011,1,Hommes,Ensemble,8.6
2011-Q1,2011,1,Hommes,Moins de 25 ans,21.1
2011-Q2,2011,2,Ensemble,25 à 49 ans,8.1
2011-Q2,2011,2,Ensemble,50 ans ou plus,5.5
2011-Q2,2011,2,Ensemble,Ensemble,9.1
2011-Q2,2011,2,Ensemble,Moins de 25 ans,24.1
2011-Q2,2011,2,Femmes,25 à 49 ans,8.3
2011-Q2,2011,2,Femmes,50 ans ou plus,5.5
2011-Q2,2011,2,Femmes,Ensemble,9.4
2011-Q2,2011,2,Femmes,Moins de 25 ans,27.2
2011-Q2,2011,2,Hommes,25 à 49 ans,7.9
2011-Q2,2011,2,Hommes,50 ans ou plus,5.5
2011-Q2,2011,2,Hommes,Ensemble,8.8
2011-Q2,2011,2,Hommes,Moins de 25 ans,21.5
2011-Q3,2011,3,Ensemble,25 à 49 ans,8.4
2011-Q3,2011,3,Ensemble,50 ans ou plus,5.8
2011-Q3,2011,3,Ensemble,Ensemble,9.2
2011-Q3,2011,3,Ensemble,Moins de 25 ans,23.5
2011-Q3,2011,3,Femmes,25 à 49 ans,8.6
2011-Q3,2011,3,Femmes,50 ans ou plus,5.7
2011-Q3,2011,3,Femmes,Ensemble,9.5
2011-Q3,2011,3,Femmes,Moins de 25 ans,26.5
2011-Q3,2011,3,Hommes,25 à 49 ans,8.3
2011-Q3,2011,3,Hommes,50 ans ou plus,5.8
2011-Q3,2011,3,Hommes,Ensemble,9.0
2011-Q3,2011,3,Hommes,Moins de 25 ans,21.1
2011-Q4,2011,4,Ensemble,25 à 49 ans,8.6
2011-Q4,2011,4,Ensemble,50 ans ou plus,5.8
2011-Q4,2011,4,Ensemble,Ensemble,9.4
2011-Q4,2011,4,Ensemble,Moins de 25 ans,24.0
2011-Q4,2011,4,Femmes,25 à 49 ans,8.4
2011-Q4,2011,4,Femmes,50 ans ou plus,5.9
2011-Q4,2011,4,Femmes,Ensemble,9.4
2011-Q4,2011,4,Femmes,Moins de 25 ans,26.4
2011-Q4,2011,4,Hommes,25 à 49 ans,8.8
2011-Q4,2011,4,Hommes,50 ans ou plus,5.8
2011-Q4,2011,4,Hommes,Ensemble,9.3
2011-Q4,2011,4,Hommes,Moins de 25 ans,21.9
2012-Q1,2012,1,Ensemble,25 à 49 ans,8.8
2012-Q1,2012,1,Ensemble,50 ans ou plus,5.8
2012-Q1,2012,1,Ensemble,Ensemble,9.4
2012-Q1,2012,1,Ensemble,Moins de 25 ans,24.2
2012-Q1,2012,1,Femmes,25 à 49 ans,8.7
2012-Q1,2012,1,Femmes,50 ans ou plus,5.4
2012-Q1,2012,1,Femmes,Ensemble,9.4
2012-Q1,2012,1,Femmes,Moins de 25 ans,26.2
2012-Q1,2012,1,Hommes,25 à 49 ans,8.8
2012-Q1,2012,1,Hommes,50 ans ou plus,6.1
2012-Q1,2012,1,Hommes,Ensemble,9.5
2012-Q1,2012,1,Hommes,Moins de 25 ans,22.6
2012-Q2,2012,2,Ensemble,25 à 49 ans,8.9
2012-Q2,2012,2,Ensemble,50 ans ou plus,6.1
2012-Q2,2012,2,Ensemble,Ensemble,9.7
2012-Q2,2012,2,Ensemble,Moins de 25 ans,25.0
2012-Q2,2012,2,Femmes,25 à 49 ans,8.9
2012-Q2,2012,2,Femmes,50 ans ou plus,6.3
2012-Q2,2012,2,Femmes,Ensemble,9.8
2012-Q2,2012,2,Femmes,Moins de 25 ans,26.5
2012-Q2,2012,2,Hommes,25 à 49 ans,8.9
2012-Q2,2012,2,Hommes,50 ans ou plus,5.9
2012-Q2,2012,2,Hommes,Ensemble,9.6
2012-Q2,2012,2,Hommes,Moins de 25 ans,23.7
2012-Q3,2012,3,Ensemble,25 à 49 ans,8.9
2012-Q3,2012,3,Ensemble,50 ans ou plus,6.0
2012-Q3,2012,3,Ensemble,Ensemble,9.8
2012-Q3,2012,3,Ensemble,Moins de 25 ans,26.0
2012-Q3,2012,3,Femmes,25 à 49 ans,8.8
2012-Q3,2012,3,Femmes,50 ans ou plus,5.8
2012-Q3,2012,3,Femmes,Ensemble,9.7
2012-Q3,2012,3,Femmes,Moins de 25 ans,28.0
2012-Q3,2012,3,Hommes,25 à 49 ans,9.0
2012-Q3,2012,3,Hommes,50 ans ou plus,6.1
2012-Q3,2012,3,Hommes,Ensemble,9.8
2012-Q3,2012,3,Hommes,Moins de 25 ans,24.4
2012-Q4,2012,4,Ensemble,25 à 49 ans,9.0
2012-Q4,2012,4,Ensemble,50 ans ou plus,6.5
2012-Q4,2012,4,Ensemble,Ensemble,10.2
2012-Q4,2012,4,Ensemble,Moins de 25 ans,27.9
2012-Q4,2012,4,Femmes,25 à 49 ans,8.8
2012-Q4,2012,4,Femmes,50 ans ou plus,6.1
2012-Q4,2012,4,Femmes,Ensemble,10.1
2012-Q4,2012,4,Femmes,Moins de 25 ans,30.7
2012-Q4,2012,4,Hommes,25 à 49 ans,9.2
2012-Q4,2012,4,Hommes,50 ans ou plus,6.8
2012-Q4,2012,4,Hommes,Ensemble,10.3
2012-Q4,2012,4,Hommes,Moins de 25 ans,25.6
2013-Q1,2013,1,Ensemble,25 à 49 ans,9.3
2013-Q1,2013,1,Ensemble,50 ans ou plus,6.7
2013-Q1,2013,1,Ensemble,Ensemble,10.3
2013-Q1,2013,1,Ensemble,Moins de 25 ans,27.3
2013-Q1,2013,1,Femmes,25 à 49 ans,9.0
2013-Q1,2013,1,Femmes,50 ans ou plus,6.4
2013-Q1,2013,1,Femmes,Ensemble,10.2
2013-Q1,2013,1,Femmes,Moins de 25 ans,30.0
2013-Q1,2013,1,Hommes,25 à 49 ans,9.6
2013-Q1,2013,1,Hommes,50 ans ou plus,6.9
2013-Q1,2013,1,Hommes,Ensemble,10.5
2013-Q1,2013,1,Hommes,Moins de 25 ans,25.1
2013-Q2,2013,2,Ensemble,25 à 49 ans,9.5
2013-Q2,2013,2,Ensemble,50 ans ou plus,6.8
2013-Q2,2013,2,Ensemble,Ensemble,10.4
2013-Q2,2013,2,Ensemble,Moins de 25 ans,26.9
2013-Q2,2013,2,Femmes,25 à 49 ans,9.2
2013-Q2,2013,2,Femmes,50 ans ou plus,6.5
2013-Q2,2013,2,Femmes,Ensemble,10.3
2013-Q2,2013,2,Femmes,Moins de 25 ans,30.3
2013-Q2,2013,2,Hommes,25 à 49 ans,9.9
2013-Q2,2013,2,Hommes,50 ans ou plus,7.0
2013-Q2,2013,2,Hommes,Ensemble,10.5
2013-Q2,2013,2,Hommes,Moins de 25 ans,24.1
2013-Q3,2013,3,Ensemble,25 à 49 ans,9.4
2013-Q3,2013,3,Ensemble,50 ans ou plus,6.8
2013-Q3,2013,3,Ensemble,Ensemble,10.3
2013-Q3,2013,3,Ensemble,Moins de 25 ans,26.1
2013-Q3,2013,3,Femmes,25 à 49 ans,8.9
2013-Q3,2013,3,Femmes,50 ans ou plus,6.6
2013-Q3,2013,3,Femmes,Ensemble,10.1
2013-Q3,2013,3,Femmes,Moins de 25 ans,29.1
2013-Q3,2013,3,Hommes,25 à 49 ans,9.8
2013-Q3,2013,3,Hommes,50 ans ou plus,7.0
2013-Q3,2013,3,Hommes,Ensemble,10.4
2013-Q3,2013,3,Hommes,Moins de 25 ans,23.6
2013-Q4,2013,4,Ensemble,25 à 49 ans,9.4
2013-Q4,2013,4,Ensemble,50 ans ou plus,6.6
2013-Q4,2013,4,Ensemble,Ensemble,10.1
2013-Q4,2013,4,Ensemble,Moins de 25 ans,25.3
2013-Q4,2013,4,Femmes,25 à 49 ans,9.0
2013-Q4,2013,4,Femmes,50 ans ou plus,6.6
2013-Q4,2013,4,Femmes,Ensemble,10.1
2013-Q4,2013,4,Femmes,Moins de 25 ans,28.5
2013-Q4,2013,4,Hommes,25 à 49 ans,9.8
2013-Q4,2013,4,Hommes,50 ans ou plus,6.6
2013-Q4,2013,4,Hommes,Ensemble,10.2
2013-Q4,2013,4,Hommes,Moins de 25 ans,22.6
2014-Q1,2014,1,Ensemble,25 à 49 ans,9.3
2014-Q1,2014,1,Ensemble,50 ans ou plus,6.9
2014-Q1,2014,1,Ensemble,Ensemble,10.1
2014-Q1,2014,1,Ensemble,Moins de 25 ans,25.2
2014-Q1,2014,1,Femmes,25 à 49 ans,8.6
2014-Q1,2014,1,Femmes,50 ans ou plus,6.9
2014-Q1,2014,1,Femmes,Ensemble,9.8
2014-Q1,2014,1,Femmes,Moins de 25 ans,27.7
2014-Q1,2014,1,Hommes,25 à 49 ans,10.0
2014-Q1,2014,1,Hommes,50 ans ou plus,6.9
2014-Q1,2014,1,Hommes,Ensemble,10.5
2014-Q1,2014,1,Hommes,Moins de 25 ans,23.2
2014-Q2,2014,2,Ensemble,25 à 49 ans,9.4
2014-Q2,2014,2,Ensemble,50 ans ou plus,6.7
2014-Q2,2014,2,Ensemble,Ensemble,10.2
2014-Q2,2014,2,Ensemble,Moins de 25 ans,25.5
2014-Q2,2014,2,Femmes,25 à 49 ans,9.1
2014-Q2,2014,2,Femmes,50 ans ou plus,6.6
2014-Q2,2014,2,Femmes,Ensemble,9.9
2014-Q2,2014,2,Femmes,Moins de 25 ans,26.5
2014-Q2,2014,2,Hommes,25 à 49 ans,9.7
2014-Q2,2014,2,Hommes,50 ans ou plus,6.9
2014-Q2,2014,2,Hommes,Ensemble,10.4
2014-Q2,2014,2,Hommes,Moins de 25 ans,24.6
2014-Q3,2014,3,Ensemble,25 à 49 ans,9.6
2014-Q3,2014,3,Ensemble,50 ans ou plus,6.8
2014-Q3,2014,3,Ensemble,Ensemble,10.3
2014-Q3,2014,3,Ensemble,Moins de 25 ans,25.7
2014-Q3,2014,3,Femmes,25 à 49 ans,9.2
2014-Q3,2014,3,Femmes,50 ans ou plus,6.9
2014-Q3,2014,3,Femmes,Ensemble,10.1
2014-Q3,2014,3,Femmes,Moins de 25 ans,27.1
2014-Q3,2014,3,Hommes,25 à 49 ans,9.9
2014-Q3,2014,3,Hommes,50 ans ou plus,6.6
2014-Q3,2014,3,Hommes,Ensemble,10.5
2014-Q3,2014,3,Hommes,Moins de 25 ans,24.5
2014-Q4,2014,4,Ensemble,25 à 49 ans,9.7
2014-Q4,2014,4,Ensemble,50 ans ou plus,7.0
2014-Q4,2014,4,Ensemble,Ensemble,10.5
2014-Q4,2014,4,Ensemble,Moins de 25 ans,26.2
2014-Q4,2014,4,Femmes,25 à 49 ans,9.3
2014-Q4,2014,4,Femmes,50 ans ou plus,6.5
2014-Q4,2014,4,Femmes,Ensemble,10.1
2014-Q4,2014,4,Femmes,Moins de 25 ans,27.2
2014-Q4,2014,4,Hommes,25 à 49 ans,10.0
2014-Q4,2014,4,Hommes,50 ans ou plus,7.5
2014-Q4,2014,4,Hommes,Ensemble,10.8
2014-Q4,2014,4,Hommes,Moins de 25 ans,25.4
2015-Q1,2015,1,Ensemble,25 à 49 ans,9.5
2015-Q1,2015,1,Ensemble,50 ans ou plus,6.6
2015-Q1,2015,1,Ensemble,Ensemble,10.3
2015-Q1,2015,1,Ensemble,Moins de 25 ans,26.2
2015-Q1,2015,1,Femmes,25 à 49 ans,9.1
2015-Q1,2015,1,Femmes,50 ans ou plus,6.2
2015-Q1,2015,1,Femmes,Ensemble,9.9
2015-Q1,2015,1,Femmes,Moins de 25 ans,27.1
2015-Q1,2015,1,Hommes,25 à 49 ans,9.9
2015-Q1,2015,1,Hommes,50 ans ou plus,7.0
2015-Q1,2015,1,Hommes,Ensemble,10.7
2015-Q1,2015,1,Hommes,Moins de 25 ans,25.5
2015-Q2,2015,2,Ensemble,25 à 49 ans,9.6
2015-Q2,2015,2,Ensemble,50 ans ou plus,7.2
2015-Q2,2015,2,Ensemble,Ensemble,10.5
2015-Q2,2015,2,Ensemble,Moins de 25 ans,26.1
2015-Q2,2015,2,Femmes,25 à 49 ans,9.0
2015-Q2,2015,2,Femmes,50 ans ou plus,6.6
2015-Q2,2015,2,Femmes,Ensemble,10.0
2015-Q2,2015,2,Femmes,Moins de 25 ans,28.1
2015-Q2,2015,2,Hommes,25 à 49 ans,10.2
2015-Q2,2015,2,Hommes,50 ans ou plus,7.9
2015-Q2,2015,2,Hommes,Ensemble,11.0
2015-Q2,2015,2,Hommes,Moins de 25 ans,24.4
2015-Q3,2015,3,Ensemble,25 à 49 ans,9.5
2015-Q3,2015,3,Ensemble,50 ans ou plus,7.0
2015-Q3,2015,3,Ensemble,Ensemble,10.4
2015-Q3,2015,3,Ensemble,Moins de 25 ans,26.1
2015-Q3,2015,3,Femmes,25 à 49 ans,9.0
2015-Q3,2015,3,Femmes,50 ans ou plus,6.4
2015-Q3,2015,3,Femmes,Ensemble,9.9
2015-Q3,2015,3,Femmes,Moins de 25 ans,27.5
2015-Q3,2015,3,Hommes,25 à 49 ans,9.9
2015-Q3,2015,3,Hommes,50 ans ou plus,7.6
2015-Q3,2015,3,Hommes,Ensemble,10.8
2015-Q3,2015,3,Hommes,Moins de 25 ans,24.9
2015-Q4,2015,4,Ensemble,25 à 49 ans,9.3
2015-Q4,2015,4,Ensemble,50 ans ou plus,7.0
2015-Q4,2015,4,Ensemble,Ensemble,10.2
2015-Q4,2015,4,Ensemble,Moins de 25 ans,26.0
2015-Q4,2015,4,Femmes,25 à 49 ans,8.9
2015-Q4,2015,4,Femmes,50 ans ou plus,6.5
2015-Q4,2015,4,Femmes,Ensemble,9.8
2015-Q4,2015,4,Femmes,Moins de 25 ans,26.8
2015-Q4,2015,4,Hommes,25 à 49 ans,9.8
2015-Q4,2015,4,Hommes,50 ans ou plus,7.4
2015-Q4,2015,4,Hommes,Ensemble,10.7
2015-Q4,2015,4,Hommes,Moins de 25 ans,25.2
2016-Q1,2016,1,Ensemble,25 à 49 ans,9.4
2016-Q1,2016,1,Ensemble,50 ans ou plus,6.7
2016-Q1,2016,1,Ensemble,Ensemble,10.2
2016-Q1,2016,1,Ensemble,Moins de 25 ans,26.2
2016-Q1,2016,1,Femmes,25 à 49 ans,8.9
2016-Q1,2016,1,Femmes,50 ans ou plus,6.3
2016-Q1,2016,1,Femmes,Ensemble,9.7
2016-Q1,2016,1,Femmes,Moins de 25 ans,27.2
2016-Q1,2016,1,Hommes,25 à 49 ans,9.9
2016-Q1,2016,1,Hommes,50 ans ou plus,7.2
2016-Q1,2016,1,Hommes,Ensemble,10.7
2016-Q1,2016,1,Hommes,Moins de 25 ans,25.3
2016-Q2,2016,2,Ensemble,25 à 49 ans,9.1
2016-Q2,2016,2,Ensemble,50 ans ou plus,6.7
2016-Q2,2016,2,Ensemble,Ensemble,10.0
2016-Q2,2016,2,Ensemble,Moins de 25 ans,26.0
2016-Q2,2016,2,Femmes,25 à 49 ans,8.7
2016-Q2,2016,2,Femmes,50 ans ou plus,6.2
2016-Q2,2016,2,Femmes,Ensemble,9.8
2016-Q2,2016,2,Femmes,Moins de 25 ans,28.4
2016-Q2,2016,2,Hommes,25 à 49 ans,9.5
2016-Q2,2016,2,Hommes,50 ans ou plus,7.2
2016-Q2,2016,2,Hommes,Ensemble,10.3
2016-Q2,2016,2,Hommes,Moins de 25 ans,24.1
2016-Q3,2016,3,Ensemble,25 à 49 ans,8.7
2016-Q3,2016,3,Ensemble,50 ans ou plus,7.1
2016-Q3,2016,3,Ensemble,Ensemble,9.9
2016-Q3,2016,3,Ensemble,Moins de 25 ans,26.4
2016-Q3,2016,3,Femmes,25 à 49 ans,8.7
2016-Q3,2016,3,Femmes,50 ans ou plus,6.8
2016-Q3,2016,3,Femmes,Ensemble,10.0
2016-Q3,2016,3,Femmes,Moins de 25 ans,29.3
2016-Q3,2016,3,Hommes,25 à 49 ans,8.6
2016-Q3,2016,3,Hommes,50 ans ou plus,7.4
2016-Q3,2016,3,Hommes,Ensemble,9.8
2016-Q3,2016,3,Hommes,Moins de 25 ans,23.8
2016-Q4,2016,4,Ensemble,25 à 49 ans,9.2
2016-Q4,2016,4,Ensemble,50 ans ou plus,6.9
2016-Q4,2016,4,Ensemble,Ensemble,10.0
2016-Q4,2016,4,Ensemble,Moins de 25 ans,25.2
2016-Q4,2016,4,Femmes,25 à 49 ans,9.1
2016-Q4,2016,4,Femmes,50 ans ou plus,6.4
2016-Q4,2016,4,Femmes,Ensemble,9.9
2016-Q4,2016,4,Femmes,Moins de 25 ans,27.0
2016-Q4,2016,4,Hommes,25 à 49 ans,9.2
2016-Q4,2016,4,Hommes,50 ans ou plus,7.4
2016-Q4,2016,4,Hommes,Ensemble,10.2
2016-Q4,2016,4,Hommes,Moins de 25 ans,23.7
2017-Q1,2017,1,Ensemble,25 à 49 ans,8.8
2017-Q1,2017,1,Ensemble,50 ans ou plus,6.8
2017-Q1,2017,1,Ensemble,Ensemble,9.6
2017-Q1,2017,1,Ensemble,Moins de 25 ans,23.9
2017-Q1,2017,1,Femmes,25 à 49 ans,8.9
2017-Q1,2017,1,Femmes,50 ans ou plus,6.8
2017-Q1,2017,1,Femmes,Ensemble,9.7
2017-Q1,2017,1,Femmes,Moins de 25 ans,25.2
2017-Q1,2017,1,Hommes,25 à 49 ans,8.7
2017-Q1,2017,1,Hommes,50 ans ou plus,6.9
2017-Q1,2017,1,Hommes,Ensemble,9.6
2017-Q1,2017,1,Hommes,Moins de 25 ans,22.8
2017-Q2,2017,2,Ensemble,25 à 49 ans,8.6
2017-Q2,2017,2,Ensemble,50 ans ou plus,6.5
2017-Q2,2017,2,Ensemble,Ensemble,9.5
2017-Q2,2017,2,Ensemble,Moins de 25 ans,24.7
2017-Q2,2017,2,Femmes,25 à 49 ans,8.6
2017-Q2,2017,2,Femmes,50 ans ou plus,6.2
2017-Q2,2017,2,Femmes,Ensemble,9.5
2017-Q2,2017,2,Femmes,Moins de 25 ans,26.6
2017-Q2,2017,2,Hommes,25 à 49 ans,8.7
2017-Q2,2017,2,Hommes,50 ans ou plus,6.8
2017-Q2,2017,2,Hommes,Ensemble,9.6
2017-Q2,2017,2,Hommes,Moins de 25 ans,23.1
2017-Q3,2017,3,Ensemble,25 à 49 ans,8.8
2017-Q3,2017,3,Ensemble,50 ans ou plus,6.6
2017-Q3,2017,3,Ensemble,Ensemble,9.5
2017-Q3,2017,3,Ensemble,Moins de 25 ans,22.9
2017-Q3,2017,3,Femmes,25 à 49 ans,9.0
2017-Q3,2017,3,Femmes,50 ans ou plus,6.1
2017-Q3,2017,3,Femmes,Ensemble,9.4
2017-Q3,2017,3,Femmes,Moins de 25 ans,24.1
2017-Q3,2017,3,Hommes,25 à 49 ans,8.6
2017-Q3,2017,3,Hommes,50 ans ou plus,7.1
2017-Q3,2017,3,Hommes,Ensemble,9.5
2017-Q3,2017,3,Hommes,Moins de 25 ans,22.0
2017-Q4,2017,4,Ensemble,25 à 49 ans,8.1
2017-Q4,2017,4,Ensemble,50 ans ou plus,6.4
2017-Q4,2017,4,Ensemble,Ensemble,9.0
2017-Q4,2017,4,Ensemble,Moins de 25 ans,22.5
2017-Q4,2017,4,Femmes,25 à 49 ans,8.1
2017-Q4,2017,4,Femmes,50 ans ou plus,6.0
2017-Q4,2017,4,Femmes,Ensemble,8.9
2017-Q4,2017,4,Femmes,Moins de 25 ans,23.9
2017-Q4,2017,4,Hommes,25 à 49 ans,8.2
2017-Q4,2017,4,Hommes,50 ans ou plus,6.8
2017-Q4,2017,4,Hommes,Ensemble,9.1
2017-Q4,2017,4,Hommes,Moins de 25 ans,21.4
2018-Q1,2018,1,Ensemble,25 à 49 ans,8.5
2018-Q1,2018,1,Ensemble,50 ans ou plus,6.4
2018-Q1,2018,1,Ensemble,Ensemble,9.3
2018-Q1,2018,1,Ensemble,Moins de 25 ans,23.1
2018-Q1,2018,1,Femmes,25 à 49 ans,8.7
2018-Q1,2018,1,Femmes,50 ans ou plus,6.0
2018-Q1,2018,1,Femmes,Ensemble,9.4
2018-Q1,2018,1,Femmes,Moins de 25 ans,25.4
2018-Q1,2018,1,Hommes,25 à 49 ans,8.3
2018-Q1,2018,1,Hommes,50 ans ou plus,6.8
2018-Q1,2018,1,Hommes,Ensemble,9.2
2018-Q1,2018,1,Hommes,Moins de 25 ans,21.1
2018-Q2,2018,2,Ensemble,25 à 49 ans,8.4
2018-Q2,2018,2,Ensemble,50 ans ou plus,6.4
2018-Q2,2018,2,Ensemble,Ensemble,9.1
2018-Q2,2018,2,Ensemble,Moins de 25 ans,22.0
2018-Q2,2018,2,Femmes,25 à 49 ans,8.5
2018-Q2,2018,2,Femmes,50 ans ou plus,6.3
2018-Q2,2018,2,Femmes,Ensemble,9.1
2018-Q2,2018,2,Femmes,Moins de 25 ans,23.0
2018-Q2,2018,2,Hommes,25 à 49 ans,8.3
2018-Q2,2018,2,Hommes,50 ans ou plus,6.5
2018-Q2,2018,2,Hommes,Ensemble,9.1
2018-Q2,2018,2,Hommes,Moins de 25 ans,21.3
2018-Q3,2018,3,Ensemble,25 à 49 ans,8.2
2018-Q3,2018,3,Ensemble,50 ans ou plus,6.1
2018-Q3,2018,3,Ensemble,Ensemble,8.9
2018-Q3,2018,3,Ensemble,Moins de 25 ans,22.1
2018-Q3,2018,3,Femmes,25 à 49 ans,8.2
2018-Q3,2018,3,Femmes,50 ans ou plus,6.0
2018-Q3,2018,3,Femmes,Ensemble,8.8
2018-Q3,2018,3,Femmes,Moins de 25 ans,22.5
2018-Q3,2018,3,Hommes,25 à 49 ans,8.1
2018-Q3,2018,3,Hommes,50 ans ou plus,6.3
2018-Q3,2018,3,Hommes,Ensemble,9.0
2018-Q3,2018,3,Hommes,Moins de 25 ans,21.8
2018-Q4,2018,4,Ensemble,25 à 49 ans,8.0
2018-Q4,2018,4,Ensemble,50 ans ou plus,6.3
2018-Q4,2018,4,Ensemble,Ensemble,8.8
2018-Q4,2018,4,Ensemble,Moins de 25 ans,20.9
2018-Q4,2018,4,Femmes,25 à 49 ans,7.9
2018-Q4,2018,4,Femmes,50 ans ou plus,6.5
2018-Q4,2018,4,Femmes,Ensemble,8.9
2018-Q4,2018,4,Femmes,Moins de 25 ans,23.1
2018-Q4,2018,4,Hommes,25 à 49 ans,8.1
2018-Q4,2018,4,Hommes,50 ans ou plus,6.1
2018-Q4,2018,4,Hommes,Ensemble,8.7
2018-Q4,2018,4,Hommes,Moins de 25 ans,19.2
2019-Q1,2019,1,Ensemble,25 à 49 ans,7.8
2019-Q1,2019,1,Ensemble,50 ans ou plus,6.7
2019-Q1,2019,1,Ensemble,Ensemble,8.8
2019-Q1,2019,1,Ensemble,Moins de 25 ans,21.1
2019-Q1,2019,1,Femmes,25 à 49 ans,7.8
2019-Q1,2019,1,Femmes,50 ans ou plus,6.7
2019-Q1,2019,1,Femmes,Ensemble,8.7
2019-Q1,2019,1,Femmes,Moins de 25 ans,21.5
2019-Q1,2019,1,Hommes,25 à 49 ans,7.8
2019-Q1,2019,1,Hommes,50 ans ou plus,6.6
2019-Q1,2019,1,Hommes,Ensemble,8.8
2019-Q1,2019,1,Hommes,Moins de 25 ans,20.8
2019-Q2,2019,2,Ensemble,25 à 49 ans,7.6
2019-Q2,2019,2,Ensemble,50 ans ou plus,6.2
2019-Q2,2019,2,Ensemble,Ensemble,8.4
2019-Q2,2019,2,Ensemble,Moins de 25 ans,20.4
2019-Q2,2019,2,Femmes,25 à 49 ans,7.6
2019-Q2,2019,2,Femmes,50 ans ou plus,6.2
2019-Q2,2019,2,Femmes,Ensemble,8.4
2019-Q2,2019,2,Femmes,Moins de 25 ans,20.9
2019-Q2,2019,2,Hommes,25 à 49 ans,7.7
2019-Q2,2019,2,Hommes,50 ans ou plus,6.3
2019-Q2,2019,2,Hommes,Ensemble,8.5
2019-Q2,2019,2,Hommes,Moins de 25 ans,20.1
2019-Q3,2019,3,Ensemble,25 à 49 ans,7.6
2019-Q3,2019,3,Ensemble,50 ans ou plus,6.2
2019-Q3,2019,3,Ensemble,Ensemble,8.3
2019-Q3,2019,3,Ensemble,Moins de 25 ans,19.7
2019-Q3,2019,3,Femmes,25 à 49 ans,7.5
2019-Q3,2019,3,Femmes,50 ans ou plus,6.1
2019-Q3,2019,3,Femmes,Ensemble,8.2
2019-Q3,2019,3,Femmes,Moins de 25 ans,20.7
2019-Q3,2019,3,Hommes,25 à 49 ans,7.7
2019-Q3,2019,3,Hommes,50 ans ou plus,6.4
2019-Q3,2019,3,Hommes,Ensemble,8.4
2019-Q3,2019,3,Hommes,Moins de 25 ans,18.8
2019-Q4,2019,4,Ensemble,25 à 49 ans,7.2
2019-Q4,2019,4,Ensemble,50 ans ou plus,5.8
2019-Q4,2019,4,Ensemble,Ensemble,8.2
2019-Q4,2019,4,Ensemble,Moins de 25 ans,21.8
2019-Q4,2019,4,Femmes,25 à 49 ans,7.1
2019-Q4,2019,4,Femmes,50 ans ou plus,5.6
2019-Q4,2019,4,Femmes,Ensemble,8.1
2019-Q4,2019,4,Femmes,Moins de 25 ans,23.3
2019-Q4,2019,4,Hommes,25 à 49 ans,7.3
2019-Q4,2019,4,Hommes,50 ans ou plus,6.0
2019-Q4,2019,4,Hommes,Ensemble,8.3
2019-Q4,2019,4,Hommes,Moins de 25 ans,20.6
2020-Q1,2020,1,Ensemble,25 à 49 ans,7.1
2020-Q1,2020,1,Ensemble,50 ans ou plus,5.5
2020-Q1,2020,1,Ensemble,Ensemble,7.9
2020-Q1,2020,1,Ensemble,Moins de 25 ans,20.7
2020-Q1,2020,1,Femmes,25 à 49 ans,7.1
2020-Q1,2020,1,Femmes,50 ans ou plus,5.5
2020-Q1,2020,1,Femmes,Ensemble,8.0
2020-Q1,2020,1,Femmes,Moins de 25 ans,22.9
2020-Q1,2020,1,Hommes,25 à 49 ans,7.0
2020-Q1,2020,1,Hommes,50 ans ou plus,5.4
2020-Q1,2020,1,Hommes,Ensemble,7.8
2020-Q1,2020,1,Hommes,Moins de 25 ans,19.0
2020-Q2,2020,2,Ensemble,25 à 49 ans,6.3
2020-Q2,2020,2,Ensemble,50 ans ou plus,4.3
2020-Q2,2020,2,Ensemble,Ensemble,7.1
2020-Q2,2020,2,Ensemble,Moins de 25 ans,22.3
2020-Q2,2020,2,Femmes,25 à 49 ans,5.9
2020-Q2,2020,2,Femmes,50 ans ou plus,3.9
2020-Q2,2020,2,Femmes,Ensemble,6.8
2020-Q2,2020,2,Femmes,Moins de 25 ans,23.9
2020-Q2,2020,2,Hommes,25 à 49 ans,6.7
2020-Q2,2020,2,Hommes,50 ans ou plus,4.7
2020-Q2,2020,2,Hommes,Ensemble,7.5
2020-Q2,2020,2,Hommes,Moins de 25 ans,20.9
2020-Q3,2020,3,Ensemble,25 à 49 ans,8.3
2020-Q3,2020,3,Ensemble,50 ans ou plus,6.1
2020-Q3,2020,3,Ensemble,Ensemble,9.0
2020-Q3,2020,3,Ensemble,Moins de 25 ans,22.5
2020-Q3,2020,3,Femmes,25 à 49 ans,7.9
2020-Q3,2020,3,Femmes,50 ans ou plus,6.2
2020-Q3,2020,3,Femmes,Ensemble,8.9
2020-Q3,2020,3,Femmes,Moins de 25 ans,25.6
2020-Q3,2020,3,Hommes,25 à 49 ans,8.7
2020-Q3,2020,3,Hommes,50 ans ou plus,5.9
2020-Q3,2020,3,Hommes,Ensemble,9.0
2020-Q3,2020,3,Hommes,Moins de 25 ans,20.0
2020-Q4,2020,4,Ensemble,25 à 49 ans,7.3
2020-Q4,2020,4,Ensemble,50 ans ou plus,5.7
2020-Q4,2020,4,Ensemble,Ensemble,8.1
2020-Q4,2020,4,Ensemble,Moins de 25 ans,20.5
2020-Q4,2020,4,Femmes,25 à 49 ans,7.1
2020-Q4,2020,4,Femmes,50 ans ou plus,5.7
2020-Q4,2020,4,Femmes,Ensemble,8.0
2020-Q4,2020,4,Femmes,Moins de 25 ans,22.0
2020-Q4,2020,4,Hommes,25 à 49 ans,7.6
2020-Q4,2020,4,Hommes,50 ans ou plus,5.7
2020-Q4,2020,4,Hommes,Ensemble,8.2
2020-Q4,2020,4,Hommes,Moins de 25 ans,19.3
2021-Q1,2021,1,Ensemble,25 à 49 ans,7.5
2021-Q1,2021,1,Ensemble,50 ans ou plus,5.5
2021-Q1,2021,1,Ensemble,Ensemble,8.2
2021-Q1,2021,1,Ensemble,Moins de 25 ans,21.2
2021-Q1,2021,1,Femmes,25 à 49 ans,7.3
2021-Q1,2021,1,Femmes,50 ans ou plus,4.9
2021-Q1,2021,1,Femmes,Ensemble,7.9
2021-Q1,2021,1,Femmes,Moins de 25 ans,21.6
2021-Q1,2021,1,Hommes,25 à 49 ans,7.6
2021-Q1,2021,1,Hommes,50 ans ou plus,6.0
2021-Q1,2021,1,Hommes,Ensemble,8.5
2021-Q1,2021,1,Hommes,Moins de 25 ans,20.9
2021-Q2,2021,2,Ensemble,25 à 49 ans,7.1
2021-Q2,2021,2,Ensemble,50 ans ou plus,5.9
2021-Q2,2021,2,Ensemble,Ensemble,7.9
2021-Q2,2021,2,Ensemble,Moins de 25 ans,19.4
2021-Q2,2021,2,Femmes,25 à 49 ans,7.2
2021-Q2,2021,2,Femmes,50 ans ou plus,5.7
2021-Q2,2021,2,Femmes,Ensemble,7.9
2021-Q2,2021,2,Femmes,Moins de 25 ans,19.3
2021-Q2,2021,2,Hommes,25 à 49 ans,7.0
2021-Q2,2021,2,Hommes,50 ans ou plus,6.1
2021-Q2,2021,2,Hommes,Ensemble,8.0
2021-Q2,2021,2,Hommes,Moins de 25 ans,19.4
2021-Q3,2021,3,Ensemble,25 à 49 ans,7.1
2021-Q3,2021,3,Ensemble,50 ans ou plus,5.8
2021-Q3,2021,3,Ensemble,Ensemble,7.9
2021-Q3,2021,3,Ensemble,Moins de 25 ans,18.7
2021-Q3,2021,3,Femmes,25 à 49 ans,7.3
2021-Q3,2021,3,Femmes,50 ans ou plus,5.6
2021-Q3,2021,3,Femmes,Ensemble,8.0
2021-Q3,2021,3,Femmes,Moins de 25 ans,19.1
2021-Q3,2021,3,Hommes,25 à 49 ans,6.9
2021-Q3,2021,3,Hommes,50 ans ou plus,6.0
2021-Q3,2021,3,Hommes,Ensemble,7.8
2021-Q3,2021,3,Hommes,Moins de 25 ans,18.3
2021-Q4,2021,4,Ensemble,25 à 49 ans,6.7
2021-Q4,2021,4,Ensemble,50 ans ou plus,5.7
2021-Q4,2021,4,Ensemble,Ensemble,7.4
2021-Q4,2021,4,Ensemble,Moins de 25 ans,16.5
2021-Q4,2021,4,Femmes,25 à 49 ans,6.9
2021-Q4,2021,4,Femmes,50 ans ou plus,5.5
2021-Q4,2021,4,Femmes,Ensemble,7.3
2021-Q4,2021,4,Femmes,Moins de 25 ans,15.6
2021-Q4,2021,4,Hommes,25 à 49 ans,6.6
2021-Q4,2021,4,Hommes,50 ans ou plus,5.9
2021-Q4,2021,4,Hommes,Ensemble,7.5
2021-Q4,2021,4,Hommes,Moins de 25 ans,17.3
2022-Q1,2022,1,Ensemble,25 à 49 ans,6.7
2022-Q1,2022,1,Ensemble,50 ans ou plus,5.5
2022-Q1,2022,1,Ensemble,Ensemble,7.4
2022-Q1,2022,1,Ensemble,Moins de 25 ans,16.8
2022-Q1,2022,1,Femmes,25 à 49 ans,6.8
2022-Q1,2022,1,Femmes,50 ans ou plus,5.7
2022-Q1,2022,1,Femmes,Ensemble,7.4
2022-Q1,2022,1,Femmes,Moins de 25 ans,16.1
2022-Q1,2022,1,Hommes,25 à 49 ans,6.6
2022-Q1,2022,1,Hommes,50 ans ou plus,5.4
2022-Q1,2022,1,Hommes,Ensemble,7.4
2022-Q1,2022,1,Hommes,Moins de 25 ans,17.4
2022-Q2,2022,2,Ensemble,25 à 49 ans,6.7
2022-Q2,2022,2,Ensemble,50 ans ou plus,5.1
2022-Q2,2022,2,Ensemble,Ensemble,7.4
2022-Q2,2022,2,Ensemble,Moins de 25 ans,18.1
2022-Q2,2022,2,Femmes,25 à 49 ans,6.6
2022-Q2,2022,2,Femmes,50 ans ou plus,5.0
2022-Q2,2022,2,Femmes,Ensemble,7.2
2022-Q2,2022,2,Femmes,Moins de 25 ans,17.3
2022-Q2,2022,2,Hommes,25 à 49 ans,6.8
2022-Q2,2022,2,Hommes,50 ans ou plus,5.2
2022-Q2,2022,2,Hommes,Ensemble,7.6
2022-Q2,2022,2,Hommes,Moins de 25 ans,18.7
2022-Q3,2022,3,Ensemble,25 à 49 ans,6.5
2022-Q3,2022,3,Ensemble,50 ans ou plus,5.1
2022-Q3,2022,3,Ensemble,Ensemble,7.2
2022-Q3,2022,3,Ensemble,Moins de 25 ans,17.3
2022-Q3,2022,3,Femmes,25 à 49 ans,6.4
2022-Q3,2022,3,Femmes,50 ans ou plus,5.2
2022-Q3,2022,3,Femmes,Ensemble,6.9
2022-Q3,2022,3,Femmes,Moins de 25 ans,15.5
2022-Q3,2022,3,Hommes,25 à 49 ans,6.5
2022-Q3,2022,3,Hommes,50 ans ou plus,5.1
2022-Q3,2022,3,Hommes,Ensemble,7.4
2022-Q3,2022,3,Hommes,Moins de 25 ans,18.9
2022-Q4,2022,4,Ensemble,25 à 49 ans,6.5
2022-Q4,2022,4,Ensemble,50 ans ou plus,5.1
2022-Q4,2022,4,Ensemble,Ensemble,7.2
2022-Q4,2022,4,Ensemble,Moins de 25 ans,17.0
2022-Q4,2022,4,Femmes,25 à 49 ans,6.5
2022-Q4,2022,4,Femmes,50 ans ou plus,5.3
2022-Q4,2022,4,Femmes,Ensemble,6.9
2022-Q4,2022,4,Femmes,Moins de 25 ans,14.9
2022-Q4,2022,4,Hommes,25 à 49 ans,6.5
2022-Q4,2022,4,Hommes,50 ans ou plus,4.9
2022-Q4,2022,4,Hommes,Ensemble,7.4
2022-Q4,2022,4,Hommes,Moins de 25 ans,18.8
2023-Q1,2023,1,Ensemble,25 à 49 ans,6.4
2023-Q1,2023,1,Ensemble,50 ans ou plus,5.2
2023-Q1,2023,1,Ensemble,Ensemble,7.1
2023-Q1,2023,1,Ensemble,Moins de 25 ans,16.6
2023-Q1,2023,1,Femmes,25 à 49 ans,6.3
2023-Q1,2023,1,Femmes,50 ans ou plus,5.0
2023-Q1,2023,1,Femmes,Ensemble,6.8
2023-Q1,2023,1,Femmes,Moins de 25 ans,15.4
2023-Q1,2023,1,Hommes,25 à 49 ans,6.4
2023-Q1,2023,1,Hommes,50 ans ou plus,5.4
2023-Q1,2023,1,Hommes,Ensemble,7.4
2023-Q1,2023,1,Hommes,Moins de 25 ans,17.7
2023-Q2,2023,2,Ensemble,25 à 49 ans,6.6
2023-Q2,2023,2,Ensemble,50 ans ou plus,5.1
2023-Q2,2023,2,Ensemble,Ensemble,7.2
2023-Q2,2023,2,Ensemble,Moins de 25 ans,17.1
2023-Q2,2023,2,Femmes,25 à 49 ans,6.6
2023-Q2,2023,2,Femmes,50 ans ou plus,5.1
2023-Q2,2023,2,Femmes,Ensemble,7.1
2023-Q2,2023,2,Femmes,Moins de 25 ans,16.1
2023-Q2,2023,2,Hommes,25 à 49 ans,6.6
2023-Q2,2023,2,Hommes,50 ans ou plus,5.0
2023-Q2,2023,2,Hommes,Ensemble,7.4
2023-Q2,2023,2,Hommes,Moins de 25 ans,17.9
2023-Q3,2023,3,Ensemble,25 à 49 ans,6.8
2023-Q3,2023,3,Ensemble,50 ans ou plus,5.1
2023-Q3,2023,3,Ensemble,Ensemble,7.4
2023-Q3,2023,3,Ensemble,Moins de 25 ans,17.3
2023-Q3,2023,3,Femmes,25 à 49 ans,7.2
2023-Q3,2023,3,Femmes,50 ans ou plus,5.2
2023-Q3,2023,3,Femmes,Ensemble,7.4
2023-Q3,2023,3,Femmes,Moins de 25 ans,15.7
2023-Q3,2023,3,Hommes,25 à 49 ans,6.4
2023-Q3,2023,3,Hommes,50 ans ou plus,5.1
2023-Q3,2023,3,Hommes,Ensemble,7.4
2023-Q3,2023,3,Hommes,Moins de 25 ans,18.6
2023-Q4,2023,4,Ensemble,25 à 49 ans,7.1
2023-Q4,2023,4,Ensemble,50 ans ou plus,5.1
2023-Q4,2023,4,Ensemble,Ensemble,7.6
2023-Q4,2023,4,Ensemble,Moins de 25 ans,17.7
2023-Q4,2023,4,Femmes,25 à 49 ans,7.2
2023-Q4,2023,4,Femmes,50 ans ou plus,4.9
2023-Q4,2023,4,Femmes,Ensemble,7.5
2023-Q4,2023,4,Femmes,Moins de 25 ans,16.8
2023-Q4,2023,4,Hommes,25 à 49 ans,6.9
2023-Q4,2023,4,Hommes,50 ans ou plus,5.2
2023-Q4,2023,4,Hommes,Ensemble,7.7
2023-Q4,2023,4,Hommes,Moins de 25 ans,18.4
2024-Q1,2024,1,Ensemble,25 à 49 ans,6.8
2024-Q1,2024,1,Ensemble,50 ans ou plus,5.1
2024-Q1,2024,1,Ensemble,Ensemble,7.5
2024-Q1,2024,1,Ensemble,Moins de 25 ans,18.1
2024-Q1,2024,1,Femmes,25 à 49 ans,7.0
2024-Q1,2024,1,Femmes,50 ans ou plus,4.9
2024-Q1,2024,1,Femmes,Ensemble,7.3
2024-Q1,2024,1,Femmes,Moins de 25 ans,16.8
2024-Q1,2024,1,Hommes,25 à 49 ans,6.7
2024-Q1,2024,1,Hommes,50 ans ou plus,5.2
2024-Q1,2024,1,Hommes,Ensemble,7.6
2024-Q1,2024,1,Hommes,Moins de 25 ans,19.2
2024-Q2,2024,2,Ensemble,25 à 49 ans,6.6
2024-Q2,2024,2,Ensemble,50 ans ou plus,5.0
2024-Q2,2024,2,Ensemble,Ensemble,7.3
2024-Q2,2024,2,Ensemble,Moins de 25 ans,17.9
2024-Q2,2024,2,Femmes,25 à 49 ans,6.7
2024-Q2,2024,2,Femmes,50 ans ou plus,4.9
2024-Q2,2024,2,Femmes,Ensemble,7.3
2024-Q2,2024,2,Femmes,Moins de 25 ans,18.6
2024-Q2,2024,2,Hommes,25 à 49 ans,6.6
2024-Q2,2024,2,Hommes,50 ans ou plus,5.1
2024-Q2,2024,2,Hommes,Ensemble,7.3
2024-Q2,2024,2,Hommes,Moins de 25 ans,17.3
2024-Q3,2024,3,Ensemble,25 à 49 ans,6.6
2024-Q3,2024,3,Ensemble,50 ans ou plus,4.7
2024-Q3,2024,3,Ensemble,Ensemble,7.4
2024-Q3,2024,3,Ensemble,Moins de 25 ans,19.8
2024-Q3,2024,3,Femmes,25 à 49 ans,6.3
2024-Q3,2024,3,Femmes,50 ans ou plus,4.7
2024-Q3,2024,3,Femmes,Ensemble,7.1
2024-Q3,2024,3,Femmes,Moins de 25 ans,19.8
2024-Q3,2024,3,Hommes,25 à 49 ans,6.8
2024-Q3,2024,3,Hommes,50 ans ou plus,4.7
2024-Q3,2024,3,Hommes,Ensemble,7.6
2024-Q3,2024,3,Hommes,Moins de 25 ans,19.8
2024-Q4,2024,4,Ensemble,25 à 49 ans,6.6
2024-Q4,2024,4,Ensemble,50 ans ou plus,4.8
2024-Q4,2024,4,Ensemble,Ensemble,7.3
2024-Q4,2024,4,Ensemble,Moins de 25 ans,18.8
2024-Q4,2024,4,Femmes,25 à 49 ans,6.6
2024-Q4,2024,4,Femmes,50 ans ou plus,4.7
2024-Q4,2024,4,Femmes,Ensemble,7.1
2024-Q4,2024,4,Femmes,Moins de 25 ans,18.2
2024-Q4,2024,4,Hommes,25 à 49 ans,6.7
2024-Q4,2024,4,Hommes,50 ans ou plus,4.8
2024-Q4,2024,4,Hommes,Ensemble,7.5
2024-Q4,2024,4,Hommes,Moins de 25 ans,19.3
2025-Q1,2025,1,Ensemble,25 à 49 ans,6.7
2025-Q1,2025,1,Ensemble,50 ans ou plus,4.8
2025-Q1,2025,1,Ensemble,Ensemble,7.4
2025-Q1,2025,1,Ensemble,Moins de 25 ans,19.1
2025-Q1,2025,1,Femmes,25 à 49 ans,7.0
2025-Q1,2025,1,Femmes,50 ans ou plus,4.8
2025-Q1,2025,1,Femmes,Ensemble,7.4
2025-Q1,2025,1,Femmes,Moins de 25 ans,18.3
2025-Q1,2025,1,Hommes,25 à 49 ans,6.5
2025-Q1,2025,1,Hommes,50 ans ou plus,4.7
2025-Q1,2025,1,Hommes,Ensemble,7.5
2025-Q1,2025,1,Hommes,Moins de 25 ans,19.8
2025-Q2,2025,2,Ensemble,25 à 49 ans,6.9
2025-Q2,2025,2,Ensemble,50 ans ou plus,4.8
2025-Q2,2025,2,Ensemble,Ensemble,7.5
2025-Q2,2025,2,Ensemble,Moins de 25 ans,19.0
2025-Q2,2025,2,Femmes,25 à 49 ans,7.0
2025-Q2,2025,2,Femmes,50 ans ou plus,4.8
2025-Q2,2025,2,Femmes,Ensemble,7.3
2025-Q2,2025,2,Femmes,Moins de 25 ans,17.6
2025-Q2,2025,2,Hommes,25 à 49 ans,6.8
2025-Q2,2025,2,Hommes,50 ans ou plus,4.8
2025-Q2,2025,2,Hommes,Ensemble,7.7
2025-Q2,2025,2,Hommes,Moins de 25 ans,20.2
2025-Q3,2025,3,Ensemble,25 à 49 ans,7.1
2025-Q3,2025,3,Ensemble,50 ans ou plus,5.1
2025-Q3,2025,3,Ensemble,Ensemble,7.7
2025-Q3,2025,3,Ensemble,Moins de 25 ans,19.3
2025-Q3,2025,3,Femmes,25 à 49 ans,7.1
2025-Q3,2025,3,Femmes,50 ans ou plus,4.9
2025-Q3,2025,3,Femmes,Ensemble,7.7
2025-Q3,2025,3,Femmes,Moins de 25 ans,20.2
2025-Q3,2025,3,Hommes,25 à 49 ans,7.0
2025-Q3,2025,3,Hommes,50 ans ou plus,5.3
2025-Q3,2025,3,Hommes,Ensemble,7.8
2025-Q3,2025,3,Hommes,Moins de 25 ans,18.5
2025-Q4,2025,4,Ensemble,25 à 49 ans,6.9
2025-Q4,2025,4,Ensemble,50 ans ou plus,5.1
2025-Q4,2025,4,Ensemble,Ensemble,7.9
2025-Q4,2025,4,Ensemble,Moins de 25 ans,21.5
2025-Q4,2025,4,Femmes,25 à 49 ans,6.8
2025-Q4,2025,4,Femmes,50 ans ou plus,4.9
2025-Q4,2025,4,Femmes,Ensemble,7.7
2025-Q4,2025,4,Femmes,Moins de 25 ans,21.7
2025-Q4,2025,4,Hommes,25 à 49 ans,7.1
2025-Q4,2025,4,Hommes,50 ans ou plus,5.3
2025-Q4,2025,4,Hommes,Ensemble,8.2
2025-Q4,2025,4,Hommes,Moins de 25 ans,21.4
2026-Q1,2026,1,Ensemble,25 à 49 ans,7.3
2026-Q1,2026,1,Ensemble,50 ans ou plus,5.2
2026-Q1,2026,1,Ensemble,Ensemble,8.1
2026-Q1,2026,1,Ensemble,Moins de 25 ans,21.2
2026-Q1,2026,1,Femmes,25 à 49 ans,6.9
2026-Q1,2026,1,Femmes,50 ans ou plus,4.7
2026-Q1,2026,1,Femmes,Ensemble,7.7
2026-Q1,2026,1,Femmes,Moins de 25 ans,22.6
2026-Q1,2026,1,Hommes,25 à 49 ans,7.6
2026-Q1,2026,1,Hommes,50 ans ou plus,5.7
2026-Q1,2026,1,Hommes,Ensemble,8.5
2026-Q1,2026,1,Hommes,Moins de 25 ans,20.0
2026-Q2,2026,2,Ensemble,25 à 49 ans,7.4
2026-Q2,2026,2,Ensemble,50 ans ou plus,5.4
2026-Q2,2026,2,Ensemble,Ensemble,8.3
2026-Q2,2026,2,Ensemble,Moins de 25 ans,21.6
2026-Q2,2026,2,Femmes,25 à 49 ans,7.3
2026-Q2,2026,2,Femmes,50 ans ou plus,5.0
2026-Q2,2026,2,Femmes,Ensemble,8.1
2026-Q2,2026,2,Femmes,Moins de 25 ans,22.2
2026-Q2,2026,2,Hommes,25 à 49 ans,7.4
2026-Q2,2026,2,Hommes,50 ans ou plus,5.9
2026-Q2,2026,2,Hommes,Ensemble,8.5
2026-Q2,2026,2,Hommes,Moins de 25 ans,21.1
