id_salarie,departement,age,anciennete,salaire_mensuel,satisfaction,heures_supplementaires,distance_domicile_km,promotions,a_demissionne
1,Administratif,52,18.8,3015.0,3,Non,7.2,2,Non
2,R&D,33,7.3,3144.0,1,Oui,8.8,2,Non
3,Production,33,2.0,2102.0,4,Non,2.2,0,Non
4,Administratif,40,2.8,1600.0,1,Non,6.1,0,Non
5,Support,34,1.7,2042.0,5,Oui,2.5,0,Non
6,Commercial,45,6.9,2907.0,3,Non,7.9,0,Non
7,R&D,43,3.7,2554.0,2,Non,16.3,0,Non
8,Administratif,55,15.2,2725.0,1,Non,2.0,2,Non
9,Production,51,8.6,3150.0,2,Oui,7.1,1,Non
10,R&D,41,3.2,3047.0,2,Oui,53.9,1,Oui
11,R&D,46,5.1,2839.0,1,Non,19.2,0,Non
12,Production,42,8.1,2351.0,5,Non,9.8,0,Non
13,Support,42,11.5,2287.0,1,Non,3.4,2,Non
14,Production,37,11.7,3257.0,4,Non,14.0,0,Non
15,R&D,31,3.0,2764.0,2,Non,6.5,0,Non
16,R&D,41,10.3,2507.0,4,Non,21.2,5,Non
17,Commercial,34,1.8,2276.0,1,Non,14.0,1,Non
18,Production,45,8.7,2355.0,5,Non,7.9,4,Non
19,Administratif,43,13.1,2552.0,5,Oui,17.1,1,Non
20,Production,47,5.0,2195.0,2,Non,5.7,0,Non
21,Administratif,40,6.4,2041.0,5,Non,16.7,1,Non
22,Production,57,11.9,2461.0,1,Non,17.5,0,Non
23,Commercial,53,18.6,3693.0,1,Non,6.3,2,Non
24,Commercial,51,1.1,2837.0,4,Non,10.3,0,Non
25,Production,39,5.5,1500.0,2,Oui,13.8,1,Oui
26,Support,39,4.7,1500.0,5,Non,9.1,0,Non
27,Production,33,1.7,1984.0,2,Non,14.2,2,Non
28,R&D,47,3.4,2315.0,2,Non,4.4,1,Non
29,Commercial,42,8.3,2852.0,3,Non,19.0,0,Non
30,Support,36,4.3,2631.0,2,Oui,8.1,1,Non
31,Support,41,6.8,2198.0,4,Non,16.0,1,Oui
32,R&D,36,8.6,3014.0,3,Non,7.1,0,Non
33,Production,46,10.2,2510.0,5,Oui,20.8,1,Non
34,R&D,29,1.6,2528.0,2,Non,16.0,0,Non
35,Production,34,3.1,2333.0,3,Oui,12.8,1,Non
36,Commercial,36,3.0,3037.0,3,Non,5.2,0,Non
37,Production,34,5.6,2721.0,1,Non,3.0,0,Oui
38,Production,45,8.2,1500.0,4,Oui,7.5,0,Non
39,Commercial,35,6.8,1672.0,2,Oui,14.3,1,Oui
40,Administratif,46,1.7,1927.0,1,Oui,6.4,0,Oui
41,Commercial,42,6.9,2282.0,3,Non,20.2,2,Non
42,Administratif,44,10.3,1853.0,5,Non,8.5,1,Non
43,Production,40,5.2,2571.0,2,Oui,0.5,3,Oui
44,Support,38,11.3,2566.0,2,Non,18.3,4,Non
45,Production,42,16.5,2901.0,3,Non,6.5,2,Non
46,Support,49,14.7,2112.0,4,Non,7.8,1,Non
47,Production,30,5.3,2331.0,4,Non,17.8,0,Non
48,Commercial,36,5.1,3574.0,1,Oui,6.9,1,Oui
49,Support,34,3.5,2065.0,5,Oui,16.6,0,Non
50,R&D,46,6.8,1824.0,3,Oui,4.8,0,Oui
51,R&D,35,6.6,2550.0,3,Oui,9.2,2,Non
52,Support,35,5.9,2039.0,4,Non,2.9,4,Non
53,Support,40,1.9,2183.0,1,Non,10.3,0,Non
54,Commercial,48,7.5,2647.0,3,Non,3.4,1,Non
55,R&D,37,12.0,3088.0,4,Non,60.0,0,Non
56,Commercial,31,1.4,2648.0,5,Oui,4.8,0,Non
57,Administratif,36,6.4,1771.0,4,Non,13.3,1,Non
58,Support,34,3.5,1563.0,2,Non,7.2,2,Non
59,Commercial,40,3.6,3154.0,3,Non,12.0,1,Non
60,Support,39,6.2,2373.0,3,Non,6.5,0,Non
61,Commercial,30,2.7,1872.0,3,Non,5.1,0,Non
62,Commercial,32,3.3,2519.0,5,Non,10.3,2,Non
63,Production,36,6.5,1500.0,3,Non,8.5,2,Non
64,R&D,36,6.0,2561.0,1,Oui,4.5,1,Non
65,R&D,41,5.5,2513.0,2,Oui,24.0,1,Non
66,Production,35,3.5,2501.0,5,Oui,10.4,0,Oui
67,Commercial,32,5.1,2537.0,5,Non,16.5,1,Non
68,Commercial,39,4.0,2827.0,3,Non,11.0,1,Non
69,Support,27,1.1,1590.0,2,Non,6.9,0,Non
70,R&D,30,2.6,2392.0,5,Non,25.1,0,Non
71,Administratif,40,7.0,1973.0,5,Oui,11.5,0,Non
72,Commercial,46,12.0,2811.0,3,Oui,29.0,2,Non
73,Administratif,33,7.5,1500.0,1,Non,5.3,0,Oui
74,Production,38,11.5,1690.0,3,Non,10.8,3,Non
75,Production,42,7.8,2299.0,3,Non,20.4,1,Non
76,Commercial,35,5.4,2976.0,1,Non,14.7,1,Non
77,Production,38,2.9,1873.0,2,Non,16.0,0,Oui
78,R&D,34,6.8,3642.0,2,Non,12.4,2,Non
79,Support,38,4.7,3515.0,1,Non,18.6,1,Non
80,Production,34,7.8,2281.0,4,Non,9.4,0,Non
81,Commercial,33,5.2,2227.0,3,Non,2.7,2,Oui
82,R&D,39,11.9,3290.0,2,Non,2.4,2,Non
83,Support,36,4.2,1655.0,2,Non,10.7,0,Non
84,Production,42,5.8,2935.0,3,Oui,15.6,1,Oui
85,Commercial,29,2.1,2918.0,3,Non,14.6,0,Non
86,Production,37,7.0,2347.0,2,Non,5.4,1,Non
87,Production,31,3.1,1981.0,5,Non,42.9,1,Non
88,R&D,39,6.0,2470.0,5,Non,25.3,2,Non
89,Administratif,33,2.9,2106.0,1,Non,10.8,1,Oui
90,Production,45,10.7,2475.0,3,Non,2.1,0,Non
91,R&D,37,5.7,2465.0,3,Non,14.3,1,Non
92,Administratif,37,10.7,2365.0,1,Non,12.6,0,Non
93,Commercial,43,7.0,2274.0,3,Non,2.5,0,Non
94,Commercial,44,4.8,3036.0,3,Non,16.0,1,Oui
95,Production,37,5.4,2728.0,4,Non,8.6,0,Non
96,Production,53,3.1,2267.0,3,Oui,1.2,0,Non
97,Production,52,24.8,3465.0,4,Oui,9.4,3,Non
98,Production,50,10.0,1877.0,5,Non,1.9,1,Non
99,Commercial,32,3.4,3078.0,1,Non,32.1,0,Non
100,Production,35,5.8,2239.0,1,Non,11.5,0,Non
101,Commercial,44,7.4,2527.0,5,Non,25.2,0,Non
102,R&D,37,10.7,2886.0,4,Non,5.3,0,Non
103,Support,55,10.6,2067.0,4,Non,4.3,2,Oui
104,Production,39,4.9,2320.0,1,Non,6.5,0,Non
105,Production,31,3.2,1798.0,5,Oui,4.9,2,Non
106,Commercial,28,2.9,2591.0,5,Non,15.5,0,Non
107,Commercial,38,4.6,2572.0,4,Oui,16.7,2,Oui
108,Support,32,1.9,1500.0,5,Oui,16.2,1,Non
109,Production,51,2.0,1842.0,1,Oui,3.0,0,Non
110,Commercial,35,3.2,2867.0,1,Oui,9.3,0,Oui
111,Production,46,16.7,3004.0,2,Non,8.1,1,Non
112,Production,31,2.9,1710.0,2,Non,5.2,1,Non
113,Administratif,36,3.9,1767.0,3,Non,26.2,0,Non
114,Production,56,6.9,2620.0,2,Non,19.3,3,Non
115,Commercial,40,3.3,1593.0,3,Oui,7.0,0,Oui
116,Commercial,44,8.9,1500.0,2,Oui,7.1,0,Oui
117,R&D,33,5.9,3246.0,2,Non,12.0,1,Non
118,Commercial,51,8.6,2392.0,4,Non,2.9,4,Non
119,Support,26,0.4,1902.0,3,Non,13.5,0,Non
120,Production,33,3.1,2005.0,1,Oui,19.6,0,Oui
121,Administratif,41,13.1,2295.0,3,Oui,1.9,2,Non
122,Commercial,34,5.7,2186.0,2,Non,15.4,0,Non
123,Commercial,42,7.0,2947.0,5,Non,3.9,1,Non
124,R&D,29,4.9,2711.0,2,Oui,19.9,2,Oui
125,Production,46,7.6,2413.0,4,Non,10.3,1,Non
126,R&D,38,10.7,3981.0,1,Non,7.8,1,Non
127,Commercial,45,6.2,2514.0,4,Oui,16.9,0,Non
128,Commercial,48,0.3,2889.0,4,Non,3.4,0,Oui
129,Production,46,2.9,1584.0,5,Non,24.1,1,Non
130,Production,29,3.4,1845.0,2,Oui,17.7,1,Oui
131,Production,48,16.2,2915.0,3,Non,8.4,3,Non
132,Commercial,35,8.5,2019.0,2,Oui,18.6,0,Non
133,Commercial,30,1.9,2609.0,1,Oui,15.8,1,Oui
134,Commercial,44,4.4,2090.0,1,Non,2.5,0,Non
135,R&D,50,7.8,2352.0,3,Oui,10.4,2,Oui
136,Production,32,4.9,2073.0,4,Non,18.2,0,Non
137,Commercial,48,21.1,2844.0,4,Non,3.2,4,Non
138,Support,36,7.9,1587.0,1,Oui,15.7,1,Oui
139,Commercial,40,6.9,2299.0,5,Non,3.9,0,Non
140,Production,39,10.0,1863.0,5,Non,8.5,2,Non
141,Production,33,4.2,1595.0,2,Non,10.6,1,Non
142,Production,33,2.5,2007.0,3,Oui,11.9,0,Non
143,R&D,54,18.6,3977.0,4,Non,9.9,6,Non
144,Support,42,2.6,1946.0,3,Non,16.5,0,Non
145,Commercial,39,1.5,2698.0,4,Oui,16.6,0,Oui
146,R&D,38,3.4,2803.0,1,Non,17.6,0,Oui
147,Production,50,16.3,3207.0,5,Non,28.3,3,Non
148,Support,62,17.8,3792.0,2,Non,24.9,4,Non
149,Administratif,34,5.0,2397.0,2,Non,18.4,5,Non
150,Support,41,8.5,2432.0,5,Non,5.9,0,Non
151,Commercial,38,3.6,2204.0,3,Oui,13.7,2,Non
152,Administratif,38,6.7,2700.0,1,Non,10.8,3,Non
153,Production,43,4.8,1500.0,5,Oui,6.4,3,Non
154,Production,37,4.9,1515.0,4,Non,1.6,1,Non
155,Commercial,30,3.2,2803.0,5,Non,6.2,1,Oui
156,Support,36,2.5,1500.0,2,Non,8.5,0,Non
157,R&D,36,6.5,2503.0,5,Non,26.8,1,Non
158,Production,44,5.9,2510.0,1,Oui,7.1,0,Oui
159,Commercial,37,5.5,2915.0,4,Oui,0.5,0,Oui
160,Support,31,4.0,2452.0,5,Non,5.9,0,Non
161,Administratif,34,4.6,2592.0,3,Non,2.9,0,Non
162,Support,39,2.3,2102.0,4,Non,4.1,0,Non
163,Production,44,8.8,2520.0,1,Non,1.4,0,Non
164,Production,40,15.0,2341.0,2,Oui,2.0,2,Non
165,Commercial,34,4.0,2445.0,5,Non,15.8,0,Non
166,R&D,33,0.9,2294.0,3,Oui,20.8,0,Non
167,Production,39,4.3,1507.0,2,Oui,9.3,0,Non
168,Production,31,2.8,2434.0,5,Non,1.5,1,Non
169,Production,32,2.3,1769.0,2,Non,10.4,0,Oui
170,Production,29,2.2,2705.0,1,Non,8.3,1,Non
171,Support,42,7.1,2230.0,1,Non,11.4,1,Non
172,R&D,40,4.7,2253.0,5,Non,6.8,0,Non
173,Commercial,38,6.8,1830.0,1,Oui,5.3,1,Non
174,Commercial,45,11.4,2566.0,2,Non,28.8,6,Non
175,Support,61,1.7,1500.0,1,Non,0.7,0,Non
176,Commercial,28,2.1,2402.0,1,Non,8.1,0,Non
177,Production,30,3.8,2138.0,2,Non,5.4,2,Non
178,R&D,27,1.9,3126.0,1,Oui,25.5,0,Oui
179,Production,39,1.7,1817.0,1,Oui,4.4,1,Non
180,R&D,39,8.5,3016.0,5,Non,4.7,1,Non
181,Production,42,12.9,2436.0,2,Non,6.0,2,Non
182,Support,43,1.9,2018.0,4,Oui,14.0,0,Non
183,Commercial,30,1.8,2319.0,3,Oui,7.4,0,Non
184,Production,38,3.6,2269.0,5,Oui,21.2,1,Non
185,R&D,39,1.6,2179.0,3,Non,22.8,0,Non
186,R&D,39,8.2,3525.0,1,Non,16.7,0,Non
187,Administratif,27,0.8,1899.0,3,Non,5.0,0,Non
188,Support,37,10.4,2979.0,5,Non,0.9,2,Non
189,Production,36,6.1,1500.0,1,Non,5.0,0,Non
190,R&D,33,0.5,2202.0,3,Non,2.2,0,Non
191,R&D,42,1.9,3294.0,2,Oui,7.5,0,Non
192,Production,37,1.5,2085.0,5,Non,1.1,0,Non
193,Commercial,36,2.6,2701.0,5,Oui,11.0,0,Non
194,Commercial,48,5.8,1943.0,4,Non,8.7,1,Non
195,Production,35,5.2,2829.0,4,Non,1.5,0,Oui
196,Production,45,3.3,3111.0,3,Non,28.3,1,Non
197,Production,36,7.0,2659.0,5,Oui,17.5,1,Non
198,R&D,32,3.9,2350.0,4,Non,19.4,0,Non
199,Production,44,14.3,2079.0,5,Non,13.2,1,Non
200,Support,26,1.5,2140.0,1,Non,14.1,0,Oui
201,Administratif,36,1.7,2889.0,5,Non,5.3,1,Non
202,Administratif,34,10.1,2156.0,5,Non,20.1,3,Non
203,R&D,45,6.5,2064.0,2,Oui,9.6,1,Oui
204,Production,37,5.6,2333.0,2,Oui,13.0,1,Oui
205,Production,47,12.6,2784.0,2,Non,12.6,1,Non
206,R&D,49,8.6,3112.0,5,Non,29.9,0,Non
207,R&D,37,8.3,3115.0,2,Non,14.8,1,Oui
208,Production,31,2.1,1739.0,4,Non,3.3,0,Non
209,Administratif,63,23.0,3546.0,2,Non,14.6,3,Non
210,Support,32,6.5,2818.0,5,Non,4.1,2,Non
211,Production,44,7.9,1520.0,2,Non,23.5,1,Oui
212,Commercial,36,4.1,1653.0,1,Non,4.5,0,Non
213,Support,48,13.9,2183.0,1,Non,10.6,5,Non
214,Administratif,59,18.5,2885.0,4,Non,16.0,3,Non
215,Production,41,5.9,1500.0,4,Non,13.0,0,Non
216,Support,45,19.4,3316.0,5,Non,6.3,4,Non
217,Support,32,2.3,2530.0,1,Non,24.1,1,Non
218,R&D,30,4.5,2588.0,5,Non,10.7,3,Non
219,Support,28,0.5,2383.0,2,Oui,32.7,0,Oui
220,Support,45,10.2,2644.0,3,Non,2.3,2,Non
221,Production,30,4.4,2827.0,4,Non,7.5,1,Non
222,R&D,33,6.5,3018.0,5,Non,7.2,1,Non
223,Production,46,2.5,1880.0,2,Oui,17.3,0,Oui
224,Support,41,8.2,2162.0,1,Oui,10.6,1,Oui
225,Production,34,3.4,2003.0,3,Oui,7.7,0,Oui
226,Administratif,39,3.1,1500.0,1,Non,6.9,0,Oui
227,Production,33,2.6,2699.0,5,Non,11.9,1,Non
228,Support,42,5.2,2239.0,4,Non,11.2,0,Non
229,Production,36,11.0,2718.0,2,Non,12.5,2,Non
230,Production,28,2.1,2152.0,5,Non,7.8,2,Non
231,Support,35,5.7,2456.0,1,Oui,4.0,1,Oui
232,Administratif,37,5.7,2457.0,4,Non,3.8,1,Non
233,Production,31,4.3,2533.0,5,Non,27.5,1,Non
234,Commercial,27,1.8,1688.0,3,Non,15.6,0,Oui
235,Commercial,44,7.4,2659.0,1,Non,7.1,3,Non
236,Administratif,40,3.7,1586.0,3,Oui,10.6,1,Non
237,Administratif,34,2.3,1917.0,4,Non,12.1,0,Oui
238,R&D,35,4.1,2311.0,5,Non,16.9,0,Non
239,Commercial,33,2.6,2020.0,3,Non,9.8,3,Non
240,Administratif,39,9.2,2686.0,4,Non,1.6,0,Non
241,Production,45,6.5,2159.0,3,Non,10.8,1,Non
242,R&D,52,12.0,3160.0,5,Non,12.7,2,Non
243,Production,38,5.4,2568.0,2,Non,30.4,0,Oui
244,R&D,36,8.2,2818.0,1,Non,10.0,0,Non
245,Production,31,5.3,2222.0,4,Oui,1.5,2,Non
246,Production,28,2.6,2192.0,1,Non,10.5,2,Non
247,Commercial,38,8.9,3193.0,3,Non,27.2,5,Non
248,Commercial,28,2.1,2247.0,3,Non,11.4,0,Non
249,Support,39,8.7,2639.0,2,Oui,28.1,0,Oui
250,Production,41,5.8,2447.0,4,Oui,16.0,0,Non
251,Production,37,3.1,2084.0,1,Non,20.2,1,Oui
252,Commercial,37,4.4,2640.0,4,Non,21.6,2,Non
253,Administratif,35,1.3,1500.0,1,Non,7.4,0,Non
254,Production,29,2.3,1500.0,5,Non,9.0,1,Oui
255,Production,34,5.0,2371.0,1,Non,3.3,1,Non
256,Support,28,2.4,1765.0,2,Non,11.0,0,Non
257,Commercial,27,1.2,2691.0,1,Non,5.5,0,Oui
258,Support,31,4.1,1869.0,4,Non,1.7,0,Non
259,Production,32,4.7,2356.0,3,Non,19.0,2,Non
260,Production,53,6.8,2682.0,2,Oui,5.0,1,Non
261,Commercial,28,1.2,2470.0,2,Non,18.9,0,Non
262,Production,28,1.3,1500.0,4,Non,10.0,0,Oui
263,Commercial,49,18.1,2881.0,2,Non,6.2,2,Non
264,Administratif,32,1.7,2159.0,1,Non,16.0,0,Oui
265,Commercial,42,12.6,2353.0,5,Non,14.2,5,Non
266,R&D,30,4.0,2216.0,4,Oui,11.5,0,Non
267,Support,36,4.9,2524.0,1,Oui,9.3,0,Oui
268,R&D,29,1.3,2621.0,4,Oui,5.8,0,Non
269,Commercial,35,2.0,2518.0,3,Non,9.0,1,Non
270,Production,32,1.8,1500.0,5,Oui,26.9,0,Non
271,Production,49,21.9,3657.0,5,Non,2.8,5,Non
272,Commercial,31,1.6,1912.0,3,Oui,17.6,0,Non
273,Support,45,4.2,1709.0,1,Non,16.7,1,Non
274,Commercial,39,7.4,3435.0,5,Non,13.5,1,Non
275,Support,39,13.2,2213.0,3,Oui,8.8,1,Non
276,Commercial,31,4.0,2650.0,4,Non,3.5,0,Non
277,R&D,49,12.3,2939.0,1,Oui,26.1,3,Non
278,R&D,29,1.7,2605.0,2,Oui,9.3,0,Non
279,Commercial,33,2.0,2464.0,3,Non,9.7,0,Non
280,Support,43,5.9,1970.0,2,Non,10.2,1,Oui
281,Production,32,6.9,1500.0,5,Non,21.0,2,Non
282,Administratif,34,6.8,1500.0,4,Oui,26.6,2,Non
283,Production,33,6.2,2470.0,4,Oui,10.4,1,Oui
284,Support,31,5.5,1500.0,2,Non,10.6,2,Non
285,Support,33,1.5,1933.0,5,Non,11.5,0,Non
286,Commercial,33,2.3,1924.0,5,Oui,4.8,0,Non
287,Production,48,13.6,2967.0,5,Non,29.6,2,Non
288,R&D,46,10.7,3455.0,1,Non,20.0,0,Oui
289,Production,28,1.7,1916.0,1,Non,19.0,1,Non
290,Administratif,32,3.1,1942.0,3,Non,4.6,0,Oui
291,Commercial,56,22.7,3558.0,2,Non,21.7,6,Non
292,Production,39,2.6,2032.0,4,Non,7.8,1,Non
293,Production,36,3.9,1561.0,1,Oui,14.9,2,Non
294,R&D,28,3.1,3145.0,3,Non,5.5,1,Non
295,Production,42,8.9,2126.0,5,Non,9.7,2,Non
296,Production,47,14.3,2536.0,1,Non,8.2,1,Non
297,Administratif,34,4.6,2343.0,5,Oui,5.8,0,Non
298,Production,33,2.9,2352.0,4,Non,7.7,0,Non
299,Production,31,5.4,2216.0,1,Non,12.6,1,Oui
300,Production,31,4.7,2834.0,2,Non,26.5,1,Non
301,Support,37,6.4,2528.0,2,Non,9.7,1,Non
302,Commercial,39,11.5,2772.0,2,Non,4.7,3,Non
303,Administratif,38,4.2,1524.0,1,Non,7.3,0,Non
304,Production,46,16.4,2867.0,3,Non,7.9,1,Non
305,Commercial,56,16.0,3598.0,1,Non,4.5,1,Non
306,Commercial,40,6.0,2850.0,5,Oui,20.3,2,Non
307,Production,47,4.7,2248.0,1,Oui,12.7,0,Oui
308,Support,39,6.9,2065.0,3,Non,20.3,0,Oui
309,Production,45,9.5,2011.0,5,Non,8.1,1,Non
310,Production,51,13.5,2668.0,2,Non,5.9,2,Non
311,Administratif,42,3.7,1846.0,2,Non,9.0,0,Non
312,R&D,36,6.3,2017.0,4,Non,13.5,2,Non
313,Support,30,3.3,1500.0,5,Non,14.8,0,Non
314,R&D,37,10.5,3675.0,2,Non,3.1,1,Non
315,R&D,37,2.6,2606.0,1,Non,14.1,1,Non
316,Commercial,59,12.3,3006.0,2,Non,11.4,3,Non
317,Production,34,8.3,1856.0,1,Non,12.9,0,Non
318,Production,32,2.3,2008.0,3,Non,31.5,0,Non
319,Production,40,8.5,2574.0,3,Non,22.9,2,Non
320,R&D,36,5.3,2678.0,2,Non,16.6,0,Oui
321,Administratif,59,18.3,3498.0,5,Non,25.8,4,Non
322,Support,28,2.2,1681.0,5,Non,3.4,0,Non
323,R&D,27,1.6,2072.0,4,Non,14.9,0,Non
324,Commercial,32,4.9,2429.0,4,Non,5.4,1,Non
325,Administratif,47,10.0,2418.0,3,Oui,16.3,0,Non
326,Production,35,5.9,2579.0,5,Non,5.8,1,Non
327,R&D,35,1.7,1890.0,4,Non,7.3,0,Non
328,Production,41,2.6,1933.0,5,Non,15.1,1,Non
329,Support,29,2.5,1500.0,5,Non,35.3,0,Non
330,Commercial,31,2.7,2503.0,3,Oui,16.2,1,Oui
331,Support,32,6.2,1980.0,3,Non,13.7,0,Non
332,R&D,44,5.6,2837.0,2,Non,7.5,0,Non
333,Administratif,29,1.7,2101.0,2,Non,6.7,0,Non
334,Production,35,9.5,2417.0,5,Non,7.8,3,Non
335,Production,52,12.1,2517.0,3,Oui,5.4,0,Non
336,Support,44,12.0,2895.0,1,Oui,22.1,1,Non
337,Production,44,4.5,2465.0,3,Non,3.2,3,Non
338,Production,37,8.8,2233.0,4,Non,9.1,1,Non
339,Support,33,1.1,2351.0,2,Non,5.3,0,Non
340,Production,34,5.1,1668.0,2,Non,0.2,0,Non
341,Support,40,6.8,2548.0,4,Oui,7.7,0,Non
342,Support,39,2.9,1973.0,2,Oui,7.7,0,Non
343,Administratif,48,2.4,1942.0,2,Non,2.0,0,Non
344,Production,48,9.4,2484.0,5,Non,17.9,4,Non
345,Support,28,2.2,1753.0,1,Non,13.1,0,Oui
346,Production,37,2.7,2210.0,4,Non,8.4,0,Non
347,Support,35,4.5,2953.0,4,Non,11.7,1,Non
348,Commercial,30,4.3,2558.0,1,Non,3.3,2,Non
349,Production,31,5.8,1944.0,3,Oui,2.3,0,Non
350,Production,37,4.8,2723.0,5,Oui,15.6,1,Non
351,Production,37,6.6,2070.0,1,Non,15.7,2,Oui
352,Production,50,15.5,3265.0,5,Non,7.8,0,Non
353,Commercial,46,14.2,3334.0,5,Oui,6.3,2,Oui
354,Administratif,29,3.1,2633.0,3,Non,15.4,1,Non
355,Commercial,36,4.3,2608.0,3,Non,6.9,1,Non
356,Commercial,32,1.8,2159.0,2,Non,35.3,0,Non
357,Administratif,34,6.5,2201.0,4,Non,18.1,2,Non
358,Production,35,3.8,1639.0,1,Oui,8.0,0,Non
359,Commercial,37,10.7,3430.0,3,Non,4.2,0,Non
360,Production,33,8.0,3196.0,1,Non,24.7,1,Oui
361,Support,31,5.9,1500.0,4,Non,40.7,1,Non
362,Administratif,44,8.2,1832.0,1,Oui,10.7,1,Non
363,Production,37,6.0,1884.0,5,Non,17.7,4,Non
364,R&D,55,11.9,3066.0,3,Non,30.9,5,Non
365,R&D,37,6.3,2599.0,3,Non,8.1,1,Non
366,Commercial,45,4.4,1961.0,5,Non,8.4,1,Non
367,Administratif,33,4.2,1500.0,3,Non,4.2,1,Oui
368,Production,32,3.3,2461.0,1,Non,7.1,0,Oui
369,Support,33,3.9,2412.0,3,Non,8.9,0,Non
370,Commercial,36,4.7,2505.0,1,Non,15.2,0,Non
371,Production,33,4.3,2665.0,2,Non,13.7,0,Non
372,Support,37,8.0,2184.0,3,Non,6.7,3,Non
373,R&D,39,2.9,1913.0,4,Non,1.2,1,Non
374,R&D,35,4.4,2471.0,4,Non,8.5,2,Non
375,Production,45,18.2,3633.0,1,Oui,26.7,3,Non
376,Support,49,10.1,2658.0,5,Non,13.9,1,Non
377,R&D,42,11.8,3037.0,2,Oui,7.2,1,Non
378,Production,32,5.8,1858.0,4,Non,3.6,0,Non
379,R&D,34,7.1,2651.0,5,Non,10.6,1,Non
380,Production,46,15.4,1979.0,5,Non,4.0,3,Non
381,Production,42,1.4,1626.0,1,Non,2.2,1,Non
382,Administratif,35,4.8,1648.0,3,Non,19.2,0,Non
383,Support,30,1.9,2129.0,3,Non,11.6,1,Non
384,Production,30,1.1,1915.0,4,Oui,3.9,1,Non
385,Support,41,3.3,2227.0,4,Non,11.5,1,Non
386,Support,33,3.4,2210.0,2,Non,8.6,0,Non
387,Production,32,3.9,1839.0,5,Non,28.4,1,Non
388,Production,32,3.4,2651.0,4,Non,17.0,0,Non
389,Commercial,29,1.3,2609.0,4,Non,12.0,1,Non
390,R&D,33,7.1,2713.0,3,Non,6.5,1,Non
391,Support,33,5.5,2051.0,5,Non,18.4,2,Non
392,R&D,31,2.7,2563.0,3,Non,0.6,0,Non
393,Administratif,36,6.8,2079.0,1,Non,25.9,2,Oui
394,Production,36,2.1,1500.0,4,Non,1.2,0,Non
395,R&D,30,3.0,2091.0,5,Non,4.0,0,Non
396,Production,33,6.8,2049.0,1,Non,12.8,0,Oui
397,Commercial,36,3.5,2360.0,2,Non,10.8,2,Oui
398,Support,38,9.0,1696.0,3,Non,3.5,1,Non
399,R&D,31,6.5,2324.0,4,Non,3.1,0,Non
400,Production,42,8.8,1837.0,5,Oui,1.1,2,Non
401,Production,34,0.5,1500.0,5,Non,4.8,0,Non
402,R&D,30,2.5,3524.0,3,Non,4.4,0,Non
403,Production,42,13.6,2449.0,5,Non,11.4,1,Non
404,Commercial,54,11.8,2807.0,5,Non,8.6,1,Non
405,R&D,31,1.5,2502.0,3,Non,11.7,0,Non
406,Production,44,2.4,2334.0,1,Non,11.3,2,Non
407,Commercial,54,17.1,3122.0,1,Non,3.0,1,Non
408,Administratif,51,18.1,2430.0,5,Non,5.2,1,Non
409,Production,37,8.0,1851.0,1,Non,4.2,1,Non
410,Support,52,6.9,3003.0,2,Oui,4.3,2,Oui
411,R&D,35,7.6,2940.0,4,Oui,6.2,2,Non
412,Administratif,45,14.4,2961.0,2,Non,6.9,4,Non
413,Administratif,37,3.3,2004.0,3,Oui,20.8,1,Oui
414,R&D,29,1.7,3354.0,3,Oui,32.2,0,Oui
415,Production,42,5.1,1825.0,2,Non,8.8,1,Oui
416,Production,34,3.5,1650.0,1,Oui,15.9,1,Oui
417,Commercial,34,6.9,3113.0,2,Oui,29.6,1,Oui
418,Administratif,38,7.0,1998.0,3,Oui,8.8,0,Non
419,Production,32,7.4,2007.0,1,Non,14.4,0,Oui
420,Production,32,1.1,2193.0,2,Oui,22.2,1,Non
421,Commercial,35,6.0,1634.0,1,Non,10.5,0,Non
422,R&D,30,4.0,2888.0,3,Non,12.8,0,Oui
423,Support,32,1.6,1962.0,5,Non,20.9,0,Non
424,Administratif,31,2.7,2077.0,4,Non,10.6,0,Non
425,Production,32,3.2,1500.0,4,Non,5.0,0,Non
426,Commercial,47,13.4,2794.0,2,Oui,14.3,3,Non
427,R&D,42,10.1,3277.0,2,Non,11.4,0,Non
428,Administratif,37,2.7,2058.0,1,Non,19.2,0,Non
429,Support,35,4.3,1560.0,2,Non,30.7,0,Oui
430,Commercial,36,5.9,2561.0,5,Oui,0.6,3,Non
431,Production,35,3.7,2520.0,3,Oui,7.9,2,Non
432,Administratif,41,4.8,2140.0,4,Non,8.7,0,Non
433,Production,50,4.4,2738.0,3,Oui,9.8,2,Non
434,Production,34,6.6,2681.0,1,Non,25.8,2,Oui
435,R&D,47,3.6,3049.0,5,Non,4.9,0,Non
436,Production,54,16.3,2286.0,2,Non,4.4,2,Non
437,Production,52,25.3,3078.0,2,Non,19.8,5,Non
438,Commercial,44,5.2,1953.0,4,Oui,15.0,0,Oui
439,Commercial,36,6.4,1801.0,2,Non,13.7,1,Non
440,Commercial,47,14.5,2653.0,5,Non,24.4,2,Non
441,R&D,33,5.5,2257.0,3,Oui,22.7,1,Non
442,Commercial,49,2.5,2924.0,3,Non,22.3,1,Oui
443,Production,34,0.4,2050.0,4,Oui,19.3,0,Non
444,Production,61,5.5,2116.0,2,Non,11.1,0,Non
445,Production,40,7.6,2099.0,5,Oui,17.7,0,Non
446,Production,48,6.4,3130.0,3,Non,8.3,0,Non
447,Support,38,8.5,2314.0,2,Non,3.3,4,Non
448,Administratif,30,1.5,1798.0,3,Non,7.1,0,Non
449,Administratif,43,12.7,2824.0,1,Non,27.3,3,Non
450,R&D,41,12.2,3486.0,4,Non,12.6,0,Non
451,Commercial,54,23.6,3321.0,3,Non,4.8,6,Non
452,Support,31,2.7,2466.0,4,Non,2.3,0,Non
453,Administratif,38,5.3,2739.0,4,Oui,12.7,3,Non
454,Commercial,44,11.6,2852.0,4,Oui,6.2,4,Non
455,Support,38,4.5,1871.0,5,Non,6.2,0,Non
456,Commercial,30,4.0,2141.0,4,Non,9.6,0,Non
457,R&D,40,11.9,3970.0,5,Non,28.8,6,Non
458,Administratif,32,5.0,1646.0,2,Oui,16.1,1,Non
459,Support,60,12.9,2464.0,3,Non,6.6,1,Non
460,Production,41,6.1,2105.0,1,Non,13.4,1,Oui
461,Commercial,37,7.1,2619.0,2,Oui,6.0,1,Non
462,Commercial,40,0.9,1749.0,5,Oui,7.5,0,Non
463,Production,45,13.8,2389.0,3,Non,22.4,4,Non
464,Production,53,14.8,3173.0,1,Non,14.2,2,Non
465,Commercial,56,6.1,3422.0,3,Oui,11.6,0,Non
466,R&D,39,7.8,3356.0,3,Oui,12.8,2,Oui
467,Support,30,3.2,2329.0,5,Non,12.7,1,Non
468,Support,30,2.2,2588.0,5,Non,6.8,1,Non
469,R&D,34,8.4,2670.0,1,Non,3.0,0,Oui
470,Production,33,4.4,1723.0,1,Non,13.8,0,Non
471,Production,32,5.0,2272.0,1,Non,11.1,1,Non
472,Production,30,1.9,2123.0,5,Non,8.4,0,Non
473,Administratif,52,16.6,2602.0,3,Non,6.4,3,Non
474,Production,35,5.6,1500.0,5,Non,14.6,0,Non
475,Production,35,8.2,2077.0,3,Non,9.8,4,Non
476,Production,38,9.3,2212.0,3,Non,3.7,0,Non
477,Commercial,45,12.0,3620.0,3,Oui,19.9,2,Oui
478,Production,40,4.3,2443.0,2,Oui,17.2,1,Non
479,Production,28,2.4,2173.0,3,Non,9.0,0,Non
480,Production,32,4.7,1966.0,1,Non,20.9,0,Oui
481,Administratif,51,8.9,1632.0,4,Non,2.1,4,Non
482,Commercial,51,10.2,2195.0,2,Non,19.1,1,Non
483,Commercial,35,2.1,2538.0,5,Non,4.1,1,Non
484,Support,34,5.1,2636.0,4,Non,5.0,2,Non
485,Commercial,30,2.3,2499.0,4,Non,15.1,0,Oui
486,Commercial,39,1.3,2181.0,4,Non,17.2,0,Non
487,Production,41,4.9,1609.0,1,Non,29.1,0,Oui
488,Commercial,38,4.5,2502.0,5,Oui,7.0,1,Non
489,Production,38,3.8,1777.0,2,Oui,11.7,0,Oui
490,Production,34,5.6,2535.0,1,Non,25.1,1,Oui
491,Support,37,1.0,1500.0,1,Oui,7.0,0,Oui
492,Commercial,50,11.3,2841.0,1,Non,5.1,5,Non
493,R&D,43,4.3,2607.0,2,Oui,6.6,0,Non
494,R&D,32,1.3,1761.0,2,Oui,19.0,0,Non
495,Support,37,9.4,2837.0,4,Non,2.2,0,Non
496,Production,37,4.3,2234.0,5,Oui,32.4,3,Oui
497,Production,33,7.4,2101.0,5,Oui,6.3,2,Non
498,Support,42,3.4,2546.0,3,Oui,20.4,1,Oui
499,Production,30,2.8,2405.0,5,Non,33.6,0,Non
500,Commercial,31,3.3,2296.0,3,Oui,2.5,1,Non
501,Production,56,10.4,2409.0,4,Non,3.7,2,Non
502,Support,50,22.5,2658.0,5,Non,8.4,4,Non
503,R&D,39,6.7,3418.0,1,Non,13.3,1,Non
504,Production,34,2.3,1500.0,2,Non,34.8,0,Non
505,R&D,27,1.3,2457.0,1,Non,8.3,0,Non
506,Commercial,36,11.1,3054.0,5,Non,13.3,5,Non
507,Support,37,10.4,2234.0,3,Oui,4.2,1,Oui
508,Support,30,5.2,2943.0,2,Non,7.9,3,Non
509,Support,57,9.4,2026.0,1,Non,5.5,4,Non
510,Support,52,9.1,2284.0,3,Oui,11.2,2,Non
511,Production,35,5.8,2594.0,3,Non,5.7,1,Non
512,Production,32,1.8,3694.0,1,Non,46.7,0,Oui
513,Support,32,4.7,2240.0,2,Non,5.4,0,Non
514,R&D,39,12.5,2492.0,5,Non,3.2,1,Non
515,Support,41,3.5,2010.0,4,Non,14.6,1,Non
516,Commercial,34,1.6,1746.0,4,Non,8.6,0,Non
517,Support,27,1.3,1646.0,4,Non,7.2,0,Oui
518,Support,33,4.7,2454.0,5,Oui,4.6,1,Oui
519,Production,43,7.4,3026.0,3,Non,18.1,1,Non
520,Production,38,8.2,1834.0,2,Oui,11.2,1,Non
521,Production,54,19.6,2247.0,4,Non,16.4,2,Non
522,Production,39,8.6,2243.0,5,Oui,3.6,0,Non
523,Production,31,6.2,1544.0,3,Non,4.6,1,Non
524,Administratif,25,0.8,2187.0,3,Non,4.7,0,Non
525,Commercial,45,3.0,1702.0,5,Non,14.9,1,Oui
526,Commercial,38,2.7,2687.0,4,Oui,26.2,0,Oui
527,Administratif,60,3.6,2436.0,5,Oui,14.4,0,Oui
528,R&D,34,3.8,2583.0,5,Oui,3.9,0,Non
529,Commercial,32,4.1,3059.0,1,Oui,14.1,2,Oui
530,R&D,41,12.6,2941.0,1,Non,49.2,1,Non
531,Administratif,39,6.9,1810.0,5,Oui,9.3,1,Oui
532,Production,49,9.6,2308.0,4,Non,9.6,3,Non
533,R&D,33,7.3,3746.0,5,Oui,17.8,1,Non
534,Production,45,6.3,2727.0,4,Non,5.7,1,Non
535,Administratif,34,5.9,1991.0,1,Non,23.0,1,Non
536,Production,61,11.7,2078.0,1,Non,27.6,2,Non
537,Production,41,11.9,2490.0,2,Oui,28.5,3,Non
538,Administratif,31,5.2,2151.0,4,Oui,26.5,1,Non
539,Administratif,47,8.4,2288.0,2,Oui,27.7,2,Non
540,Commercial,38,3.4,2089.0,4,Oui,29.1,0,Non
541,Production,34,5.4,2572.0,4,Non,24.2,0,Non
542,Administratif,29,1.5,1668.0,3,Non,8.8,0,Non
543,Administratif,32,1.0,2920.0,5,Non,3.4,0,Non
544,Support,31,3.9,1577.0,1,Non,18.5,1,Non
545,Production,34,2.6,2517.0,1,Oui,7.1,0,Non
546,Commercial,35,1.9,2229.0,1,Non,20.9,1,Oui
547,Support,33,1.7,1675.0,4,Non,17.9,0,Non
548,Support,31,3.8,2496.0,5,Oui,16.0,1,Oui
549,Production,31,2.6,1928.0,2,Non,3.9,0,Non
550,Production,35,7.6,2798.0,5,Non,12.3,0,Non
551,Support,33,9.0,2275.0,2,Oui,3.6,1,Non
552,R&D,34,4.2,2928.0,1,Oui,6.6,1,Non
553,R&D,31,2.2,2165.0,2,Oui,7.7,1,Non
554,Production,35,5.2,2393.0,2,Non,12.9,1,Oui
555,Production,36,9.6,2539.0,2,Non,2.6,0,Non
556,R&D,43,6.1,2678.0,2,Non,19.2,2,Non
557,R&D,43,15.1,3713.0,1,Oui,3.3,2,Non
558,Production,48,3.7,2255.0,4,Oui,27.1,2,Non
559,Production,36,9.1,2077.0,5,Non,10.7,2,Non
560,Production,33,6.1,2145.0,3,Oui,17.2,0,Non
561,Production,36,8.1,1787.0,5,Non,16.6,2,Non
562,Production,42,9.3,2010.0,3,Non,4.9,1,Oui
563,Production,31,1.6,1972.0,4,Non,5.4,0,Non
564,R&D,37,6.7,2591.0,1,Non,29.1,1,Oui
565,R&D,40,8.8,2414.0,1,Non,37.5,1,Oui
566,Commercial,58,9.8,2405.0,5,Non,15.7,2,Non
567,R&D,40,13.3,2863.0,2,Non,6.4,4,Non
568,R&D,37,6.6,3429.0,1,Oui,12.1,0,Non
569,Commercial,31,1.4,2478.0,1,Non,11.7,0,Oui
570,Commercial,34,6.5,2029.0,3,Oui,13.4,1,Oui
571,Production,34,1.4,2050.0,3,Non,3.9,0,Non
572,Production,31,2.2,1500.0,3,Non,10.4,1,Non
573,R&D,40,10.1,3359.0,5,Non,5.5,6,Non
574,Administratif,36,4.8,1632.0,4,Non,28.1,0,Oui
575,Administratif,36,7.1,2385.0,1,Oui,39.5,0,Oui
576,R&D,41,3.2,2867.0,4,Oui,5.2,1,Non
577,Support,41,11.4,2558.0,4,Non,7.3,1,Non
578,R&D,41,11.9,3280.0,5,Oui,23.8,5,Non
579,Support,34,1.4,2032.0,1,Non,5.0,0,Non
580,Administratif,56,5.1,1702.0,3,Non,10.9,0,Non
581,R&D,36,7.3,3483.0,5,Non,14.7,1,Non
582,Support,39,10.0,2134.0,3,Non,7.5,2,Non
583,Production,41,11.3,2290.0,1,Oui,33.8,1,Non
584,Production,35,2.4,1699.0,5,Non,10.5,0,Non
585,Production,34,4.3,1939.0,4,Non,21.2,1,Non
586,Commercial,31,5.7,3561.0,2,Non,7.8,3,Non
587,Administratif,44,6.1,1764.0,5,Non,12.0,0,Non
588,Commercial,34,3.5,2495.0,1,Non,14.0,1,Non
589,Administratif,36,10.8,2108.0,3,Non,12.7,3,Non
590,R&D,41,11.3,2757.0,4,Non,7.2,3,Oui
591,Production,32,5.3,1962.0,3,Non,1.8,1,Non
592,Production,43,10.1,2498.0,2,Oui,6.9,2,Non
593,Production,45,8.7,2814.0,3,Oui,11.7,2,Oui
594,Commercial,36,1.5,1741.0,1,Oui,7.4,0,Oui
595,Support,51,10.4,2719.0,3,Non,5.3,2,Non
596,Production,33,1.5,1618.0,4,Non,16.5,1,Non
597,Production,29,1.8,2127.0,1,Oui,4.1,0,Non
598,Commercial,43,5.9,2462.0,2,Non,32.1,2,Non
599,Support,48,16.4,3407.0,1,Oui,10.2,3,Non
600,Production,28,3.0,2265.0,2,Non,6.3,1,Oui
601,Production,28,1.8,1902.0,1,Non,18.2,0,Non
602,R&D,43,9.7,3131.0,5,Oui,11.0,0,Non
603,Administratif,40,3.3,1500.0,3,Non,34.1,1,Non
604,Support,34,3.9,1500.0,3,Oui,8.1,0,Non
605,Production,53,11.7,2617.0,3,Oui,8.0,1,Non
606,Administratif,42,5.8,2364.0,5,Oui,7.7,0,Non
607,Administratif,46,3.0,1500.0,3,Non,4.6,0,Non
608,Production,34,1.8,2441.0,3,Non,1.0,0,Non
609,Production,31,5.6,1500.0,2,Oui,23.2,1,Oui
610,R&D,37,8.4,2362.0,4,Non,10.3,1,Non
611,R&D,39,10.3,2530.0,5,Oui,6.4,0,Non
612,Administratif,34,4.7,1500.0,2,Oui,15.3,0,Oui
613,Commercial,35,6.0,2662.0,3,Non,5.1,3,Non
614,Administratif,33,7.8,1778.0,2,Non,30.0,4,Non
615,Commercial,33,4.4,2339.0,4,Non,4.5,1,Non
616,R&D,40,6.0,2267.0,5,Oui,9.7,3,Non
617,Production,34,3.4,1878.0,4,Non,5.5,0,Non
618,R&D,39,5.6,3428.0,5,Non,2.7,1,Non
619,Production,33,1.2,1783.0,4,Non,9.4,1,Oui
620,Commercial,39,0.8,1924.0,1,Non,4.5,1,Non
621,R&D,32,6.9,2836.0,1,Oui,13.6,0,Non
622,Administratif,37,5.5,2264.0,2,Non,12.0,1,Non
623,R&D,35,9.0,3118.0,1,Non,6.6,0,Oui
624,Support,52,18.1,2746.0,1,Non,16.3,3,Non
625,Production,53,11.1,1720.0,4,Oui,8.0,1,Oui
626,Commercial,45,3.5,3028.0,5,Non,20.8,1,Non
627,R&D,35,2.8,2409.0,4,Non,13.2,0,Non
628,Administratif,36,1.5,2740.0,1,Non,14.8,0,Oui
629,R&D,36,7.2,2531.0,5,Non,16.4,3,Non
630,Production,33,6.6,3014.0,3,Non,3.1,2,Non
631,Support,35,8.6,2394.0,1,Non,2.7,1,Oui
632,Production,35,6.1,1500.0,4,Oui,4.1,1,Non
633,R&D,44,6.0,2653.0,3,Oui,11.8,1,Non
634,Commercial,38,7.7,3150.0,4,Oui,13.6,2,Non
635,Support,32,3.6,2218.0,4,Non,2.4,0,Non
636,Production,29,2.8,2167.0,3,Non,7.3,1,Non
637,Support,30,2.7,1804.0,2,Non,22.6,1,Non
638,Administratif,39,6.1,1621.0,4,Non,9.4,1,Non
639,Production,42,3.1,1500.0,5,Oui,1.7,0,Oui
640,Commercial,31,3.6,2216.0,5,Oui,2.7,0,Non
641,Support,61,6.0,2662.0,3,Oui,11.1,0,Non
642,Administratif,41,12.4,3000.0,4,Non,18.6,2,Non
643,Production,37,9.7,2650.0,3,Non,12.0,1,Oui
644,Commercial,40,9.3,2187.0,3,Oui,21.8,2,Non
645,Production,29,2.3,1660.0,4,Non,60.0,1,Non
646,R&D,31,2.1,2546.0,3,Non,11.6,0,Non
647,Production,31,6.6,2040.0,3,Non,8.3,2,Non
648,Production,42,6.5,2125.0,3,Oui,10.5,0,Non
649,Administratif,44,5.9,2943.0,1,Non,8.6,2,Oui
650,Support,30,2.4,1500.0,5,Non,11.1,2,Non
651,Commercial,52,25.0,4071.0,1,Non,1.5,3,Non
652,Production,28,3.6,1698.0,3,Non,14.5,0,Oui
653,R&D,46,10.0,2780.0,1,Oui,12.8,2,Non
654,R&D,28,1.2,2377.0,1,Oui,3.6,0,Oui
655,Production,32,2.0,1804.0,4,Oui,8.3,0,Non
656,R&D,46,6.1,3087.0,2,Non,11.5,1,Non
657,R&D,49,10.2,2270.0,1,Oui,14.1,1,Non
658,Production,45,17.7,2307.0,2,Oui,17.5,2,Oui
659,Production,29,3.7,2157.0,4,Non,3.6,1,Oui
660,Support,35,2.2,1941.0,5,Oui,52.9,0,Oui
661,Commercial,41,3.9,3201.0,1,Non,13.4,0,Non
662,Commercial,34,2.7,1500.0,5,Non,14.2,1,Non
663,Support,41,8.6,2076.0,4,Oui,20.5,1,Non
664,R&D,45,9.5,3254.0,3,Non,19.5,4,Non
665,Administratif,43,4.8,2484.0,5,Non,5.9,1,Non
666,Support,40,2.5,1722.0,3,Oui,11.2,1,Non
667,R&D,39,3.2,2435.0,1,Non,15.2,1,Non
668,Support,31,3.2,1500.0,1,Non,26.9,1,Non
669,Support,37,4.0,2260.0,5,Oui,12.3,1,Non
670,Commercial,44,9.3,1500.0,3,Non,21.1,2,Non
671,Production,42,7.7,2946.0,4,Non,13.8,1,Non
672,Commercial,52,13.6,2651.0,3,Oui,7.1,0,Oui
673,R&D,33,2.8,2594.0,3,Oui,8.9,0,Oui
674,Support,33,2.9,1500.0,5,Non,21.3,0,Oui
675,Production,36,8.5,2140.0,2,Oui,6.6,5,Non
676,R&D,47,18.7,3862.0,4,Non,6.8,3,Non
677,R&D,31,2.8,3496.0,2,Non,10.8,0,Non
678,Commercial,34,3.9,1540.0,3,Non,4.3,2,Non
679,Production,36,4.3,2202.0,3,Non,7.4,1,Non
680,Production,46,7.1,1500.0,2,Non,4.4,0,Non
681,Production,39,11.5,2698.0,2,Oui,35.2,3,Oui
682,Production,40,5.7,1743.0,2,Non,19.2,0,Non
683,Administratif,37,8.7,1673.0,3,Non,3.7,2,Non
684,R&D,29,2.3,2617.0,4,Oui,5.5,2,Non
685,Support,43,13.1,1606.0,4,Non,4.3,2,Non
686,Production,39,8.8,3118.0,1,Non,10.7,1,Non
687,R&D,34,6.9,2369.0,1,Non,4.5,0,Non
688,Production,38,9.9,1546.0,3,Non,5.9,1,Non
689,Production,58,20.5,2797.0,2,Non,9.1,3,Non
690,Commercial,34,5.4,2210.0,2,Oui,0.9,1,Oui
691,Support,31,4.2,2011.0,3,Oui,6.3,2,Non
692,R&D,32,1.6,2720.0,3,Non,34.7,0,Oui
693,R&D,50,13.1,3362.0,1,Oui,26.2,2,Non
694,Production,48,2.9,1943.0,3,Oui,12.2,0,Non
695,Commercial,30,3.7,2197.0,2,Non,10.5,0,Non
696,Production,39,8.4,2955.0,4,Non,14.2,0,Non
697,Production,27,2.0,2585.0,5,Non,2.4,0,Non
698,Support,34,6.8,2979.0,5,Non,8.5,0,Non
699,Production,38,2.3,1857.0,1,Non,9.3,0,Non
700,Production,32,4.1,1766.0,2,Non,7.5,1,Non
701,Administratif,32,1.7,1769.0,5,Oui,19.3,0,Non
702,Production,48,4.6,1840.0,1,Oui,16.2,3,Non
703,R&D,35,6.1,2702.0,2,Non,8.9,3,Non
704,Production,33,0.9,1836.0,1,Oui,4.0,0,Oui
705,Commercial,44,18.9,2865.0,3,Non,1.7,5,Non
706,Support,39,6.2,2592.0,1,Non,19.0,0,Non
707,Production,44,6.0,1910.0,1,Non,23.3,1,Non
708,R&D,41,13.1,3059.0,4,Non,8.1,3,Non
709,Support,33,3.1,1500.0,5,Non,6.9,0,Non
710,Commercial,39,10.1,2889.0,4,Non,7.3,0,Non
711,Production,37,6.4,1500.0,3,Oui,2.4,2,Non
712,Production,41,3.5,2390.0,5,Oui,3.1,2,Non
713,R&D,41,5.9,1723.0,3,Non,7.6,1,Oui
714,Support,44,7.0,1677.0,2,Oui,9.6,1,Non
715,Production,53,7.3,2869.0,4,Non,10.3,2,Non
716,Administratif,37,8.8,2612.0,5,Non,8.0,1,Non
717,Production,47,9.9,2343.0,4,Non,5.1,3,Non
718,Administratif,49,24.3,3167.0,5,Non,13.9,4,Non
719,Support,42,11.2,2113.0,5,Oui,21.9,5,Non
720,Production,31,1.4,2012.0,3,Non,11.0,0,Non
721,R&D,32,4.9,3403.0,2,Non,10.3,0,Oui
722,Production,39,4.7,2164.0,2,Oui,11.7,1,Non
723,Production,35,0.5,1500.0,4,Non,27.4,0,Non
724,Commercial,35,4.2,2436.0,1,Non,11.5,0,Non
725,Administratif,37,9.7,2767.0,4,Non,7.5,4,Non
726,Support,45,8.0,2434.0,2,Non,23.7,1,Oui
727,Commercial,55,9.3,2692.0,4,Non,3.7,0,Non
728,Support,35,5.4,2365.0,1,Non,34.5,5,Non
729,Production,47,11.2,2160.0,1,Oui,11.0,0,Oui
730,Administratif,44,6.1,1683.0,1,Non,2.9,0,Non
731,Production,43,2.4,2671.0,3,Oui,22.0,1,Non
732,Administratif,41,13.6,2042.0,1,Non,2.9,2,Non
733,Production,37,6.0,2408.0,1,Non,10.7,1,Oui
734,Support,36,3.3,1952.0,2,Non,7.0,1,Oui
735,R&D,39,6.0,3357.0,5,Oui,4.1,2,Non
736,Commercial,47,11.3,3631.0,1,Oui,12.8,3,Non
737,Commercial,33,4.5,2765.0,2,Oui,10.1,2,Non
738,R&D,39,4.5,2645.0,3,Non,13.7,0,Oui
739,Commercial,35,6.5,3016.0,4,Oui,14.3,1,Oui
740,Administratif,27,1.1,2264.0,1,Oui,20.8,0,Oui
741,Administratif,34,7.6,1500.0,3,Non,4.9,1,Non
742,Production,32,7.5,1638.0,1,Oui,5.4,1,Non
743,Production,62,19.3,2801.0,2,Oui,5.6,1,Non
744,R&D,47,7.8,2939.0,2,Oui,5.2,0,Non
745,Commercial,35,9.9,2853.0,4,Non,6.1,1,Non
746,Support,38,4.0,1674.0,3,Oui,6.4,2,Non
747,Administratif,39,6.0,2528.0,4,Oui,33.6,0,Non
748,Production,36,8.3,2372.0,2,Oui,10.7,3,Non
749,Support,33,5.9,2455.0,2,Oui,5.5,2,Non
750,R&D,52,17.5,3047.0,1,Oui,42.0,3,Non
751,R&D,42,7.1,2493.0,1,Non,7.4,1,Non
752,Production,30,1.6,2126.0,3,Oui,13.3,0,Oui
753,Production,29,1.6,2080.0,3,Oui,27.3,0,Non
754,R&D,28,3.1,2938.0,1,Non,8.3,2,Non
755,Administratif,44,4.1,1910.0,3,Non,7.4,1,Non
756,R&D,60,14.2,3500.0,3,Non,13.9,2,Oui
757,Support,47,11.6,2814.0,1,Oui,8.6,2,Non
758,R&D,39,7.3,2901.0,2,Oui,19.2,2,Non
759,Support,31,1.8,1500.0,4,Non,19.6,1,Non
760,Commercial,46,11.8,2852.0,1,Oui,10.6,3,Oui
761,Commercial,30,1.3,2276.0,4,Non,3.4,1,Non
762,Commercial,34,1.4,2408.0,5,Non,6.8,0,Non
763,Administratif,42,7.2,3175.0,2,Non,12.5,3,Non
764,Production,34,4.3,1500.0,1,Non,9.3,2,Non
765,Production,33,6.7,1500.0,1,Non,16.5,1,Non
766,Support,37,8.3,2218.0,2,Oui,18.9,2,Oui
767,Commercial,32,1.1,3178.0,1,Non,11.1,0,Oui
768,Production,37,8.4,2017.0,3,Oui,8.6,0,Non
769,Administratif,36,8.4,1845.0,1,Oui,2.0,2,Non
770,Administratif,41,5.0,2374.0,1,Non,5.5,2,Oui
771,Production,40,2.4,1789.0,4,Non,31.6,1,Oui
772,Production,44,7.3,2811.0,2,Non,4.5,3,Non
773,Support,32,5.3,2004.0,5,Non,16.4,0,Oui
774,Production,28,2.9,2219.0,2,Non,29.6,1,Oui
775,Commercial,38,7.4,1974.0,4,Oui,34.7,2,Non
776,Support,47,19.1,3435.0,5,Oui,6.5,3,Non
777,R&D,39,3.5,2736.0,3,Non,32.4,1,Non
778,R&D,37,11.9,3080.0,5,Non,7.6,1,Non
779,Commercial,31,2.4,2498.0,4,Non,8.0,0,Non
780,Production,35,3.1,1758.0,5,Non,24.9,0,Oui
781,Production,43,13.1,2959.0,3,Oui,9.1,3,Oui
782,Commercial,29,4.2,2466.0,2,Non,42.2,1,Non
783,Support,39,11.1,2580.0,5,Non,20.8,0,Non
784,Administratif,62,17.8,2480.0,3,Oui,5.7,4,Non
785,R&D,30,3.4,2373.0,4,Non,5.4,2,Non
786,Commercial,35,2.8,2754.0,3,Non,27.0,1,Non
787,Support,39,10.7,1857.0,5,Non,11.2,2,Non
788,Production,31,1.8,1874.0,1,Oui,6.0,1,Oui
789,Support,41,9.0,2765.0,1,Oui,18.8,2,Non
790,R&D,38,5.7,3168.0,3,Oui,4.2,1,Oui
791,Production,42,4.3,2218.0,1,Non,15.1,1,Oui
792,Administratif,27,1.4,1735.0,1,Oui,14.7,0,Oui
793,R&D,55,9.9,3906.0,1,Non,11.7,1,Non
794,R&D,28,0.9,3019.0,1,Non,7.9,0,Oui
795,Commercial,33,6.5,1500.0,2,Non,4.8,0,Oui
796,R&D,36,4.6,2918.0,3,Oui,0.4,0,Oui
797,Commercial,40,5.4,2738.0,4,Non,15.7,0,Non
798,Support,43,15.8,2882.0,2,Non,13.5,4,Non
799,Support,33,3.3,1934.0,4,Non,9.2,1,Non
800,Production,36,1.5,1500.0,3,Oui,6.0,0,Non
801,Production,33,1.6,1823.0,3,Non,7.8,0,Non
802,Administratif,53,7.9,2829.0,3,Non,16.7,1,Non
803,Support,39,1.9,1731.0,5,Non,16.6,1,Non
804,Production,33,3.7,1597.0,1,Non,17.0,0,Non
805,Production,41,3.6,1754.0,4,Non,17.3,0,Oui
806,R&D,50,11.1,2840.0,4,Non,22.9,2,Non
807,Commercial,36,2.0,2571.0,4,Oui,7.9,0,Non
808,R&D,43,6.6,3823.0,4,Oui,6.6,1,Non
809,Production,43,7.3,2135.0,5,Non,2.4,2,Oui
810,Production,52,10.7,2006.0,4,Oui,18.2,1,Non
811,Production,32,2.8,1743.0,1,Oui,15.4,0,Oui
812,Commercial,56,18.0,3152.0,1,Oui,4.1,0,Non
813,R&D,38,8.5,2689.0,1,Oui,12.5,1,Non
814,Commercial,37,1.8,1520.0,2,Non,3.6,0,Oui
815,Commercial,39,8.2,2908.0,5,Non,1.0,2,Non
816,R&D,33,4.5,2191.0,1,Non,14.4,0,Non
817,Support,31,4.7,2459.0,3,Oui,7.5,1,Non
818,R&D,38,4.2,2667.0,1,Oui,24.9,0,Non
819,Support,46,3.6,2001.0,4,Oui,26.3,2,Non
820,Support,35,5.4,2544.0,1,Oui,8.7,1,Non
821,Commercial,41,7.9,2411.0,4,Non,6.9,0,Non
822,R&D,30,2.9,2762.0,3,Oui,11.9,0,Non
823,Administratif,39,3.0,1689.0,2,Non,4.6,3,Non
824,Support,40,7.2,3031.0,2,Non,2.6,2,Oui
825,Support,30,2.7,1592.0,3,Non,19.6,0,Non
826,Production,34,8.2,2702.0,4,Oui,50.6,1,Non
827,Production,28,2.1,2306.0,2,Non,3.6,0,Non
828,Commercial,37,8.2,2849.0,1,Oui,14.8,0,Oui
829,Support,31,2.5,1876.0,1,Oui,7.1,1,Oui
830,Support,28,2.0,2233.0,4,Non,15.6,0,Non
831,R&D,44,12.3,3507.0,2,Oui,14.0,1,Non
832,R&D,34,2.1,2527.0,5,Non,15.4,0,Non
833,Production,28,0.5,1662.0,4,Oui,11.0,0,Oui
834,Production,28,1.2,2225.0,3,Non,36.4,0,Oui
835,Administratif,33,3.2,2498.0,1,Oui,5.4,1,Oui
836,Production,49,8.9,2157.0,1,Oui,6.7,3,Oui
837,Production,41,4.3,1747.0,4,Non,20.2,1,Non
838,Production,32,3.7,1556.0,5,Oui,27.7,2,Non
839,Administratif,43,2.9,1500.0,5,Oui,16.6,0,Non
840,Commercial,42,5.3,1536.0,2,Oui,34.1,0,Oui
841,Commercial,37,3.6,1656.0,4,Non,7.8,1,Non
842,Production,32,3.1,1939.0,2,Non,12.4,1,Oui
843,Production,40,13.2,2637.0,4,Oui,9.7,6,Non
844,Commercial,41,7.4,2837.0,4,Non,8.5,0,Oui
845,Production,36,1.0,2588.0,5,Oui,8.9,0,Oui
846,Production,28,1.8,2192.0,2,Oui,10.1,1,Non
847,Production,31,3.5,1771.0,1,Non,4.8,0,Non
848,Production,32,2.3,1780.0,5,Oui,5.2,0,Non
849,Production,30,4.4,1529.0,4,Non,8.7,0,Non
850,Commercial,30,3.0,2207.0,4,Non,19.3,0,Non
851,Administratif,40,3.6,1549.0,3,Oui,16.4,1,Non
852,Production,35,7.3,2222.0,2,Non,1.4,1,Non
853,Commercial,37,5.5,1850.0,5,Non,15.5,2,Non
854,Production,34,7.2,2197.0,4,Non,12.5,1,Non
855,Commercial,28,1.3,2811.0,4,Non,5.3,0,Oui
856,Support,40,7.0,2475.0,3,Non,12.6,2,Oui
857,Commercial,38,9.3,2958.0,5,Oui,19.0,3,Non
858,Production,26,1.0,1728.0,2,Non,18.9,1,Non
859,Commercial,41,8.7,2381.0,5,Non,16.2,0,Non
860,Production,53,15.3,1960.0,3,Non,5.7,2,Non
861,Commercial,27,2.3,2200.0,4,Non,32.5,0,Non
862,Administratif,40,7.5,1500.0,2,Oui,4.6,2,Non
863,Production,33,4.9,2632.0,5,Non,13.0,1,Non
864,Commercial,35,5.1,2682.0,1,Non,18.8,1,Oui
865,R&D,39,4.6,2880.0,2,Oui,5.1,0,Non
866,Administratif,39,8.7,2331.0,1,Oui,9.1,4,Non
867,R&D,49,7.7,3389.0,3,Oui,2.0,0,Non
868,Support,33,5.1,2530.0,1,Oui,7.4,1,Non
869,R&D,26,1.4,2663.0,5,Non,9.2,0,Non
870,R&D,42,3.4,2323.0,2,Non,22.2,1,Non
871,Support,29,2.1,2108.0,5,Oui,5.6,0,Oui
872,R&D,27,1.7,3218.0,2,Non,16.9,2,Non
873,Commercial,51,9.0,2954.0,2,Oui,23.8,0,Non
874,Commercial,37,3.6,2277.0,3,Non,10.0,0,Non
875,Administratif,42,2.1,1832.0,4,Non,6.7,0,Non
876,Support,35,3.3,1584.0,3,Non,9.1,0,Non
877,Production,56,17.8,2639.0,4,Non,12.2,5,Non
878,Administratif,43,8.4,2268.0,1,Non,17.2,2,Non
879,Production,40,5.1,1992.0,5,Non,22.0,1,Non
880,Commercial,34,5.7,2385.0,4,Oui,7.4,0,Non
881,Production,41,9.1,1887.0,2,Non,17.9,1,Oui
882,Production,43,6.4,1522.0,4,Non,1.5,1,Non
883,Support,33,4.8,2084.0,5,Non,5.0,2,Non
884,Production,33,4.9,1961.0,1,Non,9.9,1,Non
885,Commercial,33,5.7,2671.0,5,Non,9.1,0,Non
886,Commercial,38,3.8,2756.0,3,Oui,4.1,0,Non
887,R&D,40,6.9,3126.0,4,Non,14.6,1,Oui
888,Production,48,20.0,2391.0,4,Non,12.1,5,Non
889,Commercial,32,3.1,1812.0,2,Oui,11.2,1,Oui
890,Administratif,38,4.5,2049.0,5,Oui,8.2,1,Non
891,Commercial,35,1.7,2851.0,4,Oui,14.9,0,Non
892,R&D,45,7.4,3733.0,2,Non,13.9,1,Oui
893,Administratif,30,3.5,1823.0,3,Non,15.3,0,Oui
894,Production,45,4.3,2163.0,5,Non,4.0,0,Non
895,Production,47,2.3,2895.0,5,Non,1.9,1,Non
896,Support,32,4.1,1917.0,1,Oui,5.9,2,Non
897,Production,34,8.2,2419.0,2,Non,13.0,2,Oui
898,Administratif,37,11.1,2349.0,5,Non,6.1,0,Non
899,Administratif,41,7.4,3227.0,4,Non,7.0,0,Non
900,Commercial,41,5.0,2836.0,2,Non,4.3,1,Oui
901,Administratif,43,8.8,2556.0,4,Non,14.5,2,Non
902,Production,35,6.3,1783.0,4,Non,8.8,1,Non
903,R&D,33,1.2,2277.0,2,Non,24.7,0,Non
904,Production,36,0.8,2385.0,3,Oui,2.5,0,Non
905,Administratif,50,7.0,2577.0,5,Oui,4.1,0,Non
906,Support,50,2.0,2144.0,2,Non,25.6,0,Non
907,Production,38,1.1,1750.0,1,Non,7.1,0,Oui
908,Production,34,7.1,1965.0,4,Non,4.2,3,Non
909,R&D,36,1.4,2763.0,2,Oui,12.1,0,Non
910,Support,34,4.7,2552.0,5,Non,4.6,1,Non
911,Production,42,4.1,1791.0,4,Non,7.0,1,Non
912,Production,38,10.6,2549.0,4,Oui,10.3,1,Non
913,Support,44,10.1,1942.0,5,Non,2.3,2,Oui
914,Support,33,5.6,2038.0,5,Oui,18.0,0,Non
915,R&D,41,2.1,2801.0,2,Oui,11.2,0,Non
916,R&D,37,6.8,3526.0,4,Non,9.4,2,Non
917,Administratif,38,6.5,1783.0,4,Non,15.9,2,Non
918,Administratif,43,1.1,1607.0,5,Non,9.1,1,Non
919,Commercial,32,1.3,2385.0,4,Non,16.0,0,Non
920,Production,38,2.1,2049.0,4,Non,4.4,0,Non
921,Administratif,36,7.8,1967.0,3,Non,1.3,1,Non
922,Production,49,16.0,2245.0,2,Non,6.4,3,Non
923,Production,41,5.6,1626.0,4,Non,5.4,1,Non
924,Support,43,12.0,2272.0,2,Non,14.6,2,Non
925,Commercial,37,4.4,2197.0,5,Oui,0.4,1,Oui
926,Commercial,32,2.6,2193.0,1,Oui,11.5,0,Oui
927,R&D,45,1.7,2389.0,3,Oui,7.0,0,Oui
928,Production,36,5.3,2134.0,3,Oui,12.7,0,Oui
929,Commercial,46,11.8,2783.0,1,Oui,26.0,1,Non
930,Production,39,6.8,1892.0,5,Non,5.8,0,Non
931,Commercial,28,3.6,2660.0,4,Non,11.3,0,Non
932,Commercial,38,0.8,2010.0,2,Non,18.9,0,Non
933,Production,30,3.0,2282.0,3,Non,6.5,1,Non
934,Commercial,60,3.7,2707.0,5,Non,6.3,2,Non
935,Production,40,6.4,2360.0,5,Non,8.2,0,Non
936,Administratif,33,4.2,2037.0,5,Non,6.1,1,Oui
937,R&D,43,5.7,3184.0,5,Oui,27.4,0,Non
938,Production,31,2.1,2173.0,2,Non,4.4,2,Non
939,Commercial,35,1.6,1868.0,2,Non,8.0,0,Non
940,Production,31,5.4,2509.0,4,Non,15.1,1,Non
941,Commercial,40,8.9,2463.0,2,Non,6.7,1,Non
942,Production,30,1.7,2772.0,1,Oui,20.7,0,Non
943,Commercial,37,3.2,2040.0,2,Oui,4.7,1,Oui
944,Administratif,32,5.0,2651.0,1,Non,6.8,2,Non
945,Production,33,5.0,2909.0,1,Non,3.0,1,Non
946,Production,30,5.9,2037.0,4,Non,26.0,1,Non
947,Administratif,40,1.1,1959.0,2,Oui,23.6,0,Non
948,Production,31,1.1,2039.0,1,Non,5.3,1,Non
949,R&D,35,4.1,2900.0,2,Non,4.2,1,Non
950,Production,29,0.7,2049.0,3,Non,16.4,0,Oui
951,R&D,33,7.3,2572.0,1,Non,9.5,1,Non
952,Administratif,50,4.4,2184.0,1,Oui,25.2,0,Oui
953,R&D,30,1.2,2279.0,4,Non,10.3,0,Non
954,Support,32,4.0,2253.0,2,Oui,9.9,0,Non
955,Commercial,38,7.8,3849.0,1,Non,7.6,0,Non
956,Production,43,9.6,2650.0,5,Oui,5.9,3,Non
957,Production,49,14.2,2342.0,2,Non,7.1,5,Non
958,Commercial,39,2.6,2336.0,1,Oui,11.9,0,Oui
959,Production,33,5.6,2033.0,1,Non,9.2,0,Oui
960,R&D,50,22.9,4214.0,5,Non,4.7,6,Non
961,Commercial,37,5.1,3278.0,1,Oui,6.8,0,Oui
962,Administratif,39,11.4,2337.0,3,Non,6.8,1,Non
963,Production,31,1.0,2276.0,4,Non,3.9,0,Non
964,Support,48,5.3,1986.0,4,Oui,20.6,2,Non
965,R&D,44,12.7,2953.0,5,Non,1.6,1,Non
966,Commercial,31,3.4,2772.0,4,Oui,9.2,0,Non
967,Production,28,0.3,2308.0,2,Non,10.8,0,Non
968,R&D,46,4.9,3741.0,4,Non,20.3,0,Oui
969,Commercial,50,4.8,2078.0,2,Non,6.6,0,Oui
970,Commercial,46,1.6,2333.0,3,Non,12.9,1,Non
971,Production,40,5.3,2110.0,3,Non,3.7,0,Non
972,Commercial,52,1.4,2042.0,1,Non,17.4,0,Non
973,Production,43,11.6,1987.0,2,Non,14.5,2,Non
974,Commercial,49,11.4,3507.0,3,Non,14.3,0,Non
975,Production,34,8.7,2013.0,5,Non,20.8,5,Non
976,Commercial,30,1.7,2479.0,5,Non,8.8,0,Non
977,Administratif,32,4.0,1835.0,4,Non,5.6,0,Non
978,R&D,35,5.1,3194.0,5,Non,26.4,1,Non
979,Production,64,19.0,2375.0,3,Oui,9.5,5,Non
980,Administratif,38,11.3,2856.0,2,Oui,6.6,1,Oui
981,Production,32,0.6,2282.0,5,Non,7.3,0,Non
982,Support,35,4.0,2246.0,1,Non,11.4,0,Non
983,Support,28,1.2,1500.0,3,Non,5.2,0,Non
984,Production,39,1.9,1500.0,5,Non,3.8,0,Non
985,Production,38,10.2,2337.0,4,Oui,16.7,3,Non
986,Production,54,9.6,2660.0,2,Non,16.6,0,Non
987,Support,34,2.0,1530.0,2,Non,18.1,1,Non
988,Production,33,3.0,2067.0,5,Oui,1.7,1,Non
989,R&D,47,18.1,4033.0,4,Non,8.5,2,Non
990,Production,41,12.4,1931.0,4,Non,3.8,1,Non
991,Commercial,37,5.5,2764.0,5,Oui,5.2,0,Non
992,Commercial,28,2.1,2427.0,2,Non,8.9,0,Non
993,Support,56,12.5,2538.0,3,Non,0.7,3,Non
994,Support,34,4.7,1801.0,3,Non,5.6,1,Non
995,R&D,35,8.4,3587.0,5,Non,17.5,1,Non
996,R&D,38,10.6,3957.0,3,Non,9.9,1,Non
997,Commercial,32,0.9,2330.0,5,Non,5.7,1,Non
998,Production,46,16.1,2222.0,4,Non,7.5,3,Oui
999,Production,38,8.3,2204.0,1,Non,3.3,1,Non
1000,Commercial,29,0.5,2792.0,2,Oui,7.9,0,Non
1001,Commercial,37,5.4,2829.0,5,Non,15.4,2,Non
1002,Production,49,11.5,2573.0,2,Oui,6.8,1,Non
1003,Commercial,45,11.0,3182.0,1,Non,25.2,2,Non
1004,Commercial,32,4.8,1689.0,2,Non,13.4,0,Oui
1005,Administratif,47,18.7,2460.0,5,Oui,27.5,4,Non
1006,Commercial,41,3.4,1996.0,3,Non,8.5,0,Oui
1007,Production,30,3.6,2357.0,2,Non,8.4,0,Non
1008,Support,34,3.5,1686.0,4,Oui,1.3,0,Non
1009,Production,35,2.4,1775.0,4,Non,4.0,2,Non
1010,R&D,39,2.9,1789.0,4,Non,5.8,1,Non
1011,Production,32,7.3,1913.0,4,Oui,21.0,2,Non
1012,Administratif,29,3.0,1500.0,5,Non,1.1,1,Oui
1013,Support,62,13.3,2942.0,1,Oui,3.2,1,Oui
1014,Support,39,5.4,2064.0,5,Non,4.5,2,Non
1015,Support,31,6.8,2369.0,4,Non,2.7,2,Non
1016,Administratif,34,3.2,2391.0,3,Oui,15.5,0,Oui
1017,Support,34,4.0,2662.0,5,Non,7.4,0,Non
1018,R&D,33,7.7,3097.0,3,Non,15.2,1,Non
1019,R&D,42,12.2,3199.0,2,Oui,16.9,2,Non
1020,Production,32,4.6,2261.0,4,Non,0.3,0,Non
1021,Support,39,7.6,2838.0,4,Non,45.0,3,Non
1022,R&D,28,1.8,3263.0,1,Non,7.7,0,Oui
1023,R&D,37,3.5,2677.0,4,Non,21.6,0,Non
1024,R&D,52,5.0,2427.0,4,Non,3.3,3,Non
1025,R&D,30,3.9,2365.0,4,Oui,4.1,0,Non
1026,Administratif,36,1.9,2154.0,3,Non,8.8,1,Non
1027,Commercial,57,10.0,2653.0,4,Non,3.7,1,Non
1028,R&D,31,3.6,2716.0,4,Non,13.4,1,Non
1029,Commercial,41,4.4,2209.0,3,Non,6.1,1,Non
1030,Production,37,5.5,3138.0,5,Non,24.4,0,Non
1031,Commercial,35,6.7,3060.0,4,Oui,18.4,1,Non
1032,Commercial,32,1.4,1723.0,4,Non,3.6,0,Non
1033,Support,30,2.7,1500.0,4,Oui,15.5,1,Non
1034,Administratif,35,5.3,2084.0,1,Non,4.5,0,Oui
1035,Support,52,17.1,3301.0,3,Non,15.7,2,Non
1036,Administratif,33,3.3,2353.0,2,Non,10.0,0,Non
1037,Commercial,38,6.6,2575.0,3,Non,16.0,0,Non
1038,Production,43,10.8,2798.0,5,Oui,28.0,1,Non
1039,Support,41,14.7,2236.0,4,Non,22.2,4,Non
1040,Production,37,7.7,2296.0,5,Non,14.7,2,Non
1041,Production,40,4.5,2650.0,4,Non,14.0,0,Non
1042,Commercial,33,6.5,2746.0,3,Non,4.0,0,Oui
1043,Support,37,8.0,2187.0,3,Oui,8.3,1,Non
1044,Commercial,34,0.8,2122.0,3,Non,6.8,1,Non
1045,Administratif,40,7.0,1511.0,5,Non,4.8,1,Non
1046,Production,50,3.7,1500.0,2,Oui,8.8,0,Oui
1047,Commercial,39,12.1,3471.0,1,Non,9.1,0,Non
1048,Production,58,19.7,2592.0,3,Oui,1.4,4,Non
1049,Support,38,5.6,2484.0,5,Oui,11.3,0,Non
1050,Commercial,32,3.2,2202.0,1,Non,7.5,1,Non
1051,Commercial,38,7.2,2464.0,5,Non,3.5,1,Non
1052,Support,50,11.7,2050.0,4,Non,5.1,4,Non
1053,Commercial,44,9.2,2548.0,4,Oui,4.9,0,Non
1054,Commercial,44,3.7,2294.0,3,Non,9.2,1,Non
1055,Support,45,9.9,3201.0,5,Non,30.2,1,Non
1056,Production,45,11.4,2133.0,5,Non,15.1,3,Non
1057,Commercial,34,5.8,2824.0,1,Oui,7.1,1,Non
1058,Commercial,46,16.6,2691.0,5,Non,15.1,3,Non
1059,Production,36,5.9,2689.0,1,Non,1.9,0,Non
1060,Production,35,7.7,1668.0,1,Non,2.9,0,Oui
1061,R&D,30,3.4,2823.0,3,Non,7.6,1,Non
1062,Support,44,19.7,3066.0,3,Oui,7.3,3,Oui
1063,Production,34,7.9,2801.0,5,Non,9.2,2,Non
1064,Commercial,40,12.1,1871.0,5,Non,13.9,3,Non
1065,R&D,28,2.4,1652.0,1,Non,8.5,0,Non
1066,Commercial,43,17.5,3061.0,1,Non,4.2,1,Non
1067,Support,39,3.1,2065.0,3,Non,3.2,0,Non
1068,Commercial,33,2.8,2226.0,4,Oui,19.6,3,Non
1069,Commercial,34,1.4,2302.0,3,Non,17.4,0,Non
1070,Production,36,3.6,2042.0,2,Non,3.0,2,Non
1071,Administratif,50,21.1,2684.0,5,Non,8.0,3,Non
1072,R&D,37,4.2,2737.0,5,Non,6.1,1,Non
1073,Administratif,33,2.3,1500.0,1,Non,5.0,1,Oui
1074,Commercial,47,9.9,2807.0,4,Non,4.4,0,Non
1075,Commercial,51,18.6,3479.0,2,Non,12.6,2,Non
1076,Production,36,4.6,2355.0,1,Non,5.9,1,Non
1077,Production,32,4.1,1920.0,3,Oui,25.4,3,Non
1078,R&D,38,7.8,3659.0,2,Oui,5.2,0,Non
1079,R&D,35,2.8,2360.0,1,Non,13.9,1,Non
1080,Support,42,5.3,2038.0,1,Oui,13.9,0,Non
1081,Production,48,10.8,1500.0,3,Oui,3.2,0,Non
1082,Production,33,6.2,1647.0,1,Non,9.3,2,Non
1083,R&D,45,4.8,2212.0,1,Non,5.1,2,Oui
1084,Support,32,6.6,2283.0,3,Non,5.7,3,Non
1085,Production,45,7.1,2357.0,2,Non,15.8,1,Non
1086,Commercial,41,13.7,3423.0,2,Oui,9.1,3,Non
1087,Support,43,4.0,2564.0,1,Oui,9.3,0,Non
1088,Commercial,33,4.5,2767.0,3,Non,4.7,0,Non
1089,Commercial,32,6.9,2552.0,3,Non,2.0,1,Non
1090,Production,38,4.3,2600.0,2,Non,7.0,1,Non
1091,R&D,40,8.1,2953.0,2,Oui,7.5,0,Non
1092,R&D,35,5.1,3093.0,5,Non,12.7,0,Non
1093,Support,35,3.3,1607.0,5,Non,8.6,1,Non
1094,Production,36,7.6,2098.0,5,Oui,8.7,3,Non
1095,Commercial,37,1.3,2189.0,1,Non,12.6,0,Oui
1096,Production,47,6.1,2530.0,2,Non,11.1,0,Non
1097,R&D,38,5.8,2831.0,5,Non,5.3,1,Non
1098,R&D,45,14.9,3627.0,5,Non,21.4,2,Non
1099,R&D,40,13.3,3327.0,1,Non,14.9,2,Non
1100,Support,44,2.6,1919.0,3,Oui,13.4,0,Oui
1101,Production,33,0.4,1706.0,5,Oui,2.2,0,Non
1102,Production,45,12.1,2487.0,5,Non,0.6,3,Non
1103,Production,29,4.5,1723.0,4,Non,14.1,2,Non
1104,Production,53,8.1,2255.0,1,Oui,7.8,3,Non
1105,Production,32,2.7,3054.0,2,Non,4.9,0,Oui
1106,Support,47,1.3,2165.0,3,Non,46.4,0,Non
1107,R&D,44,13.7,3441.0,3,Non,1.8,2,Non
1108,Production,64,24.8,3252.0,4,Non,3.3,4,Non
1109,Administratif,64,13.7,2792.0,4,Non,16.2,1,Non
1110,R&D,47,2.8,2996.0,3,Non,10.7,1,Non
1111,Production,33,6.4,2499.0,1,Oui,36.2,0,Non
1112,Production,44,11.2,2067.0,4,Oui,2.6,1,Non
1113,Commercial,30,1.1,2681.0,2,Non,13.2,0,Non
1114,Production,34,7.2,2971.0,3,Non,5.2,0,Oui
1115,Administratif,37,8.9,2417.0,3,Non,19.4,0,Non
1116,Commercial,64,16.5,2393.0,5,Oui,1.5,5,Non
1117,Support,36,5.0,3258.0,5,Non,4.3,1,Non
1118,Production,29,2.0,1705.0,3,Non,8.8,0,Non
1119,Production,41,9.3,2170.0,1,Oui,16.8,1,Oui
1120,Support,32,2.1,2579.0,4,Non,21.0,0,Non
1121,R&D,64,11.0,2574.0,5,Oui,21.7,3,Oui
1122,Production,31,4.4,2556.0,3,Oui,16.5,3,Non
1123,Production,35,5.7,2029.0,1,Oui,7.4,1,Non
1124,R&D,31,2.6,3198.0,3,Non,3.7,0,Oui
1125,Support,37,10.6,3211.0,4,Non,3.1,3,Non
1126,Administratif,31,4.8,2297.0,2,Non,3.1,2,Non
1127,R&D,47,8.1,3041.0,4,Non,4.6,2,Non
1128,Commercial,40,1.3,1500.0,5,Oui,4.1,0,Non
1129,R&D,36,4.8,2979.0,3,Non,8.3,3,Oui
1130,R&D,40,7.6,2599.0,5,Non,5.8,1,Non
1131,Production,43,1.8,2180.0,2,Non,5.2,0,Non
1132,R&D,36,1.9,3415.0,3,Oui,11.0,0,Oui
1133,R&D,28,2.7,2133.0,5,Non,4.7,0,Non
1134,Commercial,46,9.5,3151.0,3,Oui,12.9,3,Non
1135,Administratif,29,3.8,1676.0,2,Non,3.0,0,Non
1136,Support,31,1.9,1678.0,1,Oui,9.3,0,Non
1137,Support,39,10.7,1922.0,5,Non,1.0,1,Non
1138,Production,36,5.9,2256.0,5,Oui,13.6,0,Non
1139,Production,43,16.6,3037.0,3,Oui,40.8,1,Non
1140,Support,34,5.8,1809.0,3,Oui,22.1,0,Oui
1141,Production,43,4.5,2726.0,1,Non,14.9,2,Non
1142,Commercial,33,1.4,1762.0,5,Oui,5.1,0,Non
1143,Support,36,8.9,1577.0,1,Non,4.0,3,Non
1144,R&D,38,6.1,3454.0,4,Non,30.4,0,Oui
1145,R&D,47,12.3,3113.0,1,Oui,3.6,2,Oui
1146,Commercial,35,0.9,2377.0,3,Non,10.3,0,Non
1147,Commercial,43,6.3,2784.0,1,Non,9.5,1,Non
1148,Commercial,32,5.3,2422.0,2,Non,5.3,2,Non
1149,Administratif,31,5.4,1705.0,1,Non,4.4,1,Non
1150,Commercial,49,18.1,3423.0,4,Non,9.9,1,Non
1151,Administratif,30,2.9,1500.0,3,Non,16.0,1,Non
1152,Support,43,12.0,2103.0,2,Non,6.6,2,Non
1153,R&D,32,5.3,2179.0,3,Oui,2.5,2,Non
1154,Production,36,6.6,2642.0,5,Oui,6.7,0,Non
1155,Production,37,10.7,2211.0,2,Oui,9.7,4,Oui
1156,R&D,38,8.0,3133.0,1,Non,25.7,4,Oui
1157,Commercial,40,5.2,2402.0,5,Non,1.1,4,Non
1158,Production,34,8.1,2210.0,3,Non,30.5,1,Non
1159,Support,31,4.8,2216.0,3,Non,24.2,1,Non
1160,Production,34,4.4,1775.0,2,Non,20.4,0,Non
1161,Production,51,6.2,1739.0,4,Non,16.6,2,Non
1162,Production,35,5.0,1649.0,4,Non,9.5,1,Non
1163,Commercial,27,1.5,2213.0,1,Non,14.1,1,Oui
1164,Commercial,28,0.4,2050.0,3,Non,52.0,0,Non
1165,Production,37,6.5,1500.0,5,Oui,25.2,0,Non
1166,R&D,38,10.3,3385.0,1,Oui,10.0,0,Oui
1167,Commercial,38,6.3,3037.0,1,Non,14.9,0,Non
1168,Production,37,7.9,1974.0,4,Non,21.9,0,Non
1169,Production,38,6.5,1697.0,3,Non,1.8,0,Non
1170,Commercial,30,3.0,2150.0,5,Non,14.1,2,Non
1171,Production,37,8.2,2630.0,5,Non,19.5,1,Non
1172,Production,31,3.6,2053.0,2,Non,21.2,0,Oui
1173,Support,28,2.8,2274.0,1,Non,4.3,0,Non
1174,R&D,38,7.4,2922.0,3,Non,4.5,0,Non
1175,Production,38,6.9,1861.0,1,Non,2.7,2,Non
1176,Support,30,2.3,2703.0,1,Non,5.0,2,Non
1177,Production,39,6.8,2201.0,3,Non,12.1,0,Oui
1178,Commercial,42,10.1,3796.0,1,Oui,0.5,5,Non
1179,Production,59,12.4,2420.0,1,Oui,9.2,2,Non
1180,Commercial,39,6.1,2819.0,4,Non,5.4,2,Non
1181,R&D,39,7.8,3450.0,5,Non,1.5,0,Non
1182,R&D,40,5.8,2920.0,5,Non,28.9,2,Non
1183,Production,40,13.7,3040.0,4,Oui,7.2,1,Non
1184,Commercial,30,4.1,1930.0,4,Oui,5.1,1,Non
1185,Production,37,4.8,2003.0,2,Non,3.8,0,Oui
1186,Production,37,7.9,2674.0,3,Non,11.2,2,Oui
1187,Production,41,8.7,2796.0,5,Oui,2.8,0,Non
1188,Production,28,0.8,2014.0,2,Non,11.8,0,Non
1189,Production,35,4.7,2215.0,3,Oui,20.1,1,Oui
1190,Administratif,39,5.7,1562.0,2,Non,13.6,0,Non
1191,R&D,34,4.7,3076.0,4,Non,9.0,1,Non
1192,Production,38,10.5,2063.0,1,Non,17.3,1,Oui
1193,Production,32,3.9,1500.0,3,Non,39.3,0,Non
1194,Production,38,7.8,2316.0,4,Non,10.9,0,Non
1195,Support,32,3.9,1546.0,4,Non,34.9,2,Non
1196,Production,44,4.6,2043.0,4,Non,13.3,2,Non
1197,R&D,33,4.6,2474.0,3,Oui,25.1,1,Non
1198,Commercial,33,7.6,2824.0,5,Oui,16.4,1,Non
1199,Production,49,10.1,2110.0,5,Oui,24.9,2,Non
1200,Commercial,63,15.4,2996.0,4,Oui,3.6,3,Non
